,Balcony,Brick,Dist,Floor,Kitchen_Area,Living_Area,Metro_Dist,NFloors,New,Price,Rooms,Tel,Total_Area,Walk
0,0.0,1.0,0.0020827738009999396,5.0,NaN,NaN,5.0,6.0,0.0,456516900.0,,1.0,498.0,1.0
1,0.0,1.0,0.0014505512899999713,2.0,NaN,74.3,10.0,13.0,0.0,31206000.0,1,1.0,74.3,0.0
2,0.0,0.0,0.002559013565000342,2.0,NaN,35.0,15.0,7.0,1.0,19723264.0,2,NaN,54.4,1.0
3,0.0,1.0,0.003424318720999923,2.0,NaN,10.0,6.0,5.0,1.0,4814581.0,1,NaN,17.3,1.0
4,0.0,1.0,0.0034749054169998816,2.0,NaN,17.3,5.0,6.0,0.0,4814581.0,1,1,17.3,1.0
5,0.0,0.0,0.0034276795930003575,1.0,7.0,20.0,4.0,9.0,0.0,5300000.0,1,1,32.0,1.0
6,0.0,0.0,0.003424318720999923,5.0,NaN,18.3,6.0,NaN,1.0,5377566.0,1,NaN,18.3,1.0
7,0.0,1.0,0.003424318720999923,5.0,NaN,10.0,6.0,5.0,1.0,5377566.0,1,NaN,18.3,1.0
8,0.0,1.0,0.0034749054169998816,2.0,NaN,23.7,5.0,6.0,0.0,5496232.0,1,1,23.7,1.0
9,1.0,0.0,0.005539907825000261,1.0,9.6,20.0,10.0,1.0,0.0,5550000.0,1,NaN,37.4,1.0
10,1.0,1.0,0.009283241028999375,3.0,6.0,16.0,NaN,5.0,0.0,5900000.0,1,1,30.0,0.0
11,0.0,0.0,0.009162976656999566,1.0,10.0,20.0,13.0,12.0,0.0,6000000.0,1,NaN,35.0,1.0
12,1.0,1.0,0.003615283701000061,12.0,9.6,20.1,10.0,12.0,0.0,6000000.0,1,1,35.1,0.0
13,1.0,1.0,0.003955642860999678,2.0,8.0,21.0,12.0,5.0,0.0,6100000.0,1,1,34.0,1.0
14,1.0,0.0,0.003615283701000061,12.0,10.0,20.0,10.0,12.0,0.0,6100000.0,1,1,36.0,1.0
15,0.0,0.0,0.003424318720999923,4.0,NaN,25.5,6.0,NaN,1.0,6258687.0,1,NaN,25.5,1.0
16,0.0,1.0,0.003424318720999923,4.0,NaN,15.0,6.0,4.0,1.0,6258687.0,1,NaN,25.5,1.0
17,0.0,1.0,0.003424318720999923,3.0,29.5,NaN,5.0,4.0,1.0,6325576.0,1,NaN,29.5,1.0
18,0.0,1.0,0.003424318720999923,3.0,NaN,17.0,6.0,4.0,1.0,6325576.0,1,NaN,30.0,1.0
19,0.0,1.0,0.003464304040000207,3.0,NaN,29.5,5.0,6.0,0.0,6325576.0,1,1,29.5,1.0
20,1.0,0.0,0.0100053463119993,2.0,10.0,18.0,10.0,12.0,0.0,6400000.0,1,1,34.0,1.0
21,0.0,0.0,0.003424318720999923,3.0,NaN,33.4,6.0,NaN,1.0,6437035.0,1,NaN,33.4,1.0
22,0.0,1.0,0.003424318720999923,3.0,NaN,18.0,6.0,4.0,1.0,6437035.0,1,NaN,33.5,1.0
23,0.0,1.0,0.003424318720999923,4.0,NaN,16.0,6.0,4.0,1.0,6449418.0,1,NaN,28.5,1.0
24,1.0,1.0,0.004265930408000018,5.0,5.6,18.6,10.0,5.0,0.0,6500000.0,1,1,30.7,1.0
25,0.0,1.0,0.009361539434000329,2.0,6.0,20.5,11.0,5.0,0.0,6500000.0,1,1,36.8,1.0
26,1.0,1.0,0.003829077784999889,5.0,5.6,20.2,5.0,9.0,0.0,6600000.0,1,NaN,33.1,1.0
27,1.0,1.0,0.003829077784999889,5.0,6.0,18.0,5.0,9.0,0.0,6600000.0,2,NaN,33.1,1.0
28,0.0,1.0,0.0030833762900001754,7.0,9.6,30.0,5.0,12.0,0.0,11100000.0,2,1,50.6,1.0
29,0.0,1.0,0.0009269830600000617,3.0,12.0,37.0,3.0,12.0,0.0,26547480.0,1,1,62.8,1.0
30,1.0,1.0,0.0008347259299998772,5.0,NaN,120.0,5.0,12.0,0.0,56000000.0,4,NaN,150.0,1.0
31,0.0,1.0,0.003424318720999923,2.0,NaN,10.0,6.0,5.0,1.0,4814581.0,1,NaN,17.3,1.0
32,0.0,1.0,0.0034749054169998816,2.0,NaN,17.3,5.0,6.0,0.0,4814581.0,1,1,17.3,1.0
33,0.0,0.0,0.0034276795930003575,1.0,7.0,20.0,4.0,9.0,0.0,5300000.0,1,1,32.0,1.0
34,0.0,0.0,0.003424318720999923,5.0,NaN,18.3,6.0,NaN,1.0,5377566.0,1,NaN,18.3,1.0
35,0.0,1.0,0.003424318720999923,5.0,NaN,10.0,6.0,5.0,1.0,5377566.0,1,NaN,18.3,1.0
36,0.0,1.0,0.0034749054169998816,2.0,NaN,23.7,5.0,6.0,0.0,5496232.0,1,1,23.7,1.0
37,1.0,0.0,0.005539907825000261,1.0,9.6,20.0,10.0,1.0,0.0,5550000.0,1,NaN,37.4,1.0
38,1.0,1.0,0.009283241028999375,3.0,6.0,16.0,NaN,5.0,0.0,5900000.0,1,1,30.0,0.0
39,0.0,0.0,0.009162976656999566,1.0,10.0,20.0,13.0,12.0,0.0,6000000.0,1,NaN,35.0,1.0
40,1.0,1.0,0.003615283701000061,12.0,9.6,20.1,10.0,12.0,0.0,6000000.0,1,1,35.1,0.0
41,1.0,1.0,0.003955642860999678,2.0,8.0,21.0,12.0,5.0,0.0,6100000.0,1,1,34.0,1.0
42,1.0,0.0,0.003615283701000061,12.0,10.0,20.0,10.0,12.0,0.0,6100000.0,1,1,36.0,1.0
43,0.0,0.0,0.003424318720999923,4.0,NaN,25.5,6.0,NaN,1.0,6258687.0,1,NaN,25.5,1.0
44,0.0,1.0,0.003424318720999923,4.0,NaN,15.0,6.0,4.0,1.0,6258687.0,1,NaN,25.5,1.0
45,0.0,1.0,0.003424318720999923,3.0,29.5,NaN,5.0,4.0,1.0,6325576.0,1,NaN,29.5,1.0
46,0.0,1.0,0.003424318720999923,3.0,NaN,17.0,6.0,4.0,1.0,6325576.0,1,NaN,30.0,1.0
47,0.0,1.0,0.003464304040000207,3.0,NaN,29.5,5.0,6.0,0.0,6325576.0,1,1,29.5,1.0
48,1.0,0.0,0.0100053463119993,2.0,10.0,18.0,10.0,12.0,0.0,6400000.0,1,1,34.0,1.0
49,0.0,0.0,0.003424318720999923,3.0,NaN,33.4,6.0,NaN,1.0,6437035.0,1,NaN,33.4,1.0
50,0.0,1.0,0.003424318720999923,3.0,NaN,18.0,6.0,4.0,1.0,6437035.0,1,NaN,33.5,1.0
51,0.0,1.0,0.003424318720999923,4.0,NaN,16.0,6.0,4.0,1.0,6449418.0,1,NaN,28.5,1.0
52,1.0,1.0,0.004265930408000018,5.0,5.6,18.6,10.0,5.0,0.0,6500000.0,1,1,30.7,1.0
53,0.0,1.0,0.009361539434000329,2.0,6.0,20.5,11.0,5.0,0.0,6500000.0,1,1,36.8,1.0
54,1.0,1.0,0.003829077784999889,5.0,5.6,20.2,5.0,9.0,0.0,6600000.0,1,NaN,33.1,1.0
55,1.0,1.0,0.003829077784999889,5.0,6.0,18.0,5.0,9.0,0.0,6600000.0,2,NaN,33.1,1.0
56,1.0,1.0,0.000680825050000202,7.0,15.0,84.0,3.0,7.0,0.0,72660000.0,3,1,121.1,1.0
57,0.0,1.0,0.007109377925000085,45.0,NaN,160.0,3.0,85.0,0.0,99781551.0,3,1,188.0,1.0
58,1.0,1.0,0.0008197307540000118,4.0,23.4,16.1,8.0,8.0,0.0,30000000.0,2,1,51.4,1.0
59,0.0,1.0,0.003424318720999923,2.0,NaN,10.0,6.0,5.0,1.0,4814581.0,1,NaN,17.3,1.0
60,0.0,1.0,0.0034749054169998816,2.0,NaN,17.3,5.0,6.0,0.0,4814581.0,1,1,17.3,1.0
61,0.0,0.0,0.0034276795930003575,1.0,7.0,20.0,4.0,9.0,0.0,5300000.0,1,1,32.0,1.0
62,0.0,0.0,0.003424318720999923,5.0,NaN,18.3,6.0,NaN,1.0,5377566.0,1,NaN,18.3,1.0
63,0.0,1.0,0.003424318720999923,5.0,NaN,10.0,6.0,5.0,1.0,5377566.0,1,NaN,18.3,1.0
64,0.0,1.0,0.0034749054169998816,2.0,NaN,23.7,5.0,6.0,0.0,5496232.0,1,1,23.7,1.0
65,1.0,0.0,0.005539907825000261,1.0,9.6,20.0,10.0,1.0,0.0,5550000.0,1,NaN,37.4,1.0
66,1.0,1.0,0.009283241028999375,3.0,6.0,16.0,NaN,5.0,0.0,5900000.0,1,1,30.0,0.0
67,0.0,0.0,0.009162976656999566,1.0,10.0,20.0,13.0,12.0,0.0,6000000.0,1,NaN,35.0,1.0
68,1.0,1.0,0.003615283701000061,12.0,9.6,20.1,10.0,12.0,0.0,6000000.0,1,1,35.1,0.0
69,1.0,1.0,0.003955642860999678,2.0,8.0,21.0,12.0,5.0,0.0,6100000.0,1,1,34.0,1.0
70,1.0,0.0,0.003615283701000061,12.0,10.0,20.0,10.0,12.0,0.0,6100000.0,1,1,36.0,1.0
71,0.0,0.0,0.003424318720999923,4.0,NaN,25.5,6.0,NaN,1.0,6258687.0,1,NaN,25.5,1.0
72,0.0,1.0,0.003424318720999923,4.0,NaN,15.0,6.0,4.0,1.0,6258687.0,1,NaN,25.5,1.0
73,0.0,1.0,0.003424318720999923,3.0,29.5,NaN,5.0,4.0,1.0,6325576.0,1,NaN,29.5,1.0
74,0.0,1.0,0.003424318720999923,3.0,NaN,17.0,6.0,4.0,1.0,6325576.0,1,NaN,30.0,1.0
75,0.0,1.0,0.003464304040000207,3.0,NaN,29.5,5.0,6.0,0.0,6325576.0,1,1,29.5,1.0
76,1.0,0.0,0.0100053463119993,2.0,10.0,18.0,10.0,12.0,0.0,6400000.0,1,1,34.0,1.0
77,0.0,0.0,0.003424318720999923,3.0,NaN,33.4,6.0,NaN,1.0,6437035.0,1,NaN,33.4,1.0
78,0.0,1.0,0.003424318720999923,3.0,NaN,18.0,6.0,4.0,1.0,6437035.0,1,NaN,33.5,1.0
79,0.0,1.0,0.003424318720999923,4.0,NaN,16.0,6.0,4.0,1.0,6449418.0,1,NaN,28.5,1.0
80,1.0,1.0,0.004265930408000018,5.0,5.6,18.6,10.0,5.0,0.0,6500000.0,1,1,30.7,1.0
81,0.0,1.0,0.009361539434000329,2.0,6.0,20.5,11.0,5.0,0.0,6500000.0,1,1,36.8,1.0
82,1.0,1.0,0.003829077784999889,5.0,5.6,20.2,5.0,9.0,0.0,6600000.0,1,NaN,33.1,1.0
83,1.0,1.0,0.003829077784999889,5.0,6.0,18.0,5.0,9.0,0.0,6600000.0,2,NaN,33.1,1.0
84,0.0,0.0,0.00054708412899989,2.0,NaN,65.0,NaN,8.0,0.0,55000000.0,4,1,100.4,0.0
85,1.0,1.0,0.0014079976039996773,7.0,21.2,47.6,5.0,10.0,0.0,33594000.0,2,NaN,76.0,1.0
86,0.0,1.0,0.0023726823300001224,8.0,12.0,30.0,4.0,14.0,0.0,37700000.0,2,NaN,65.4,1.0
87,0.0,1.0,0.003424318720999923,2.0,NaN,10.0,6.0,5.0,1.0,4814581.0,1,NaN,17.3,1.0
88,0.0,1.0,0.0034749054169998816,2.0,NaN,17.3,5.0,6.0,0.0,4814581.0,1,1,17.3,1.0
89,0.0,0.0,0.0034276795930003575,1.0,7.0,20.0,4.0,9.0,0.0,5300000.0,1,1,32.0,1.0
90,0.0,0.0,0.003424318720999923,5.0,NaN,18.3,6.0,NaN,1.0,5377566.0,1,NaN,18.3,1.0
91,0.0,1.0,0.003424318720999923,5.0,NaN,10.0,6.0,5.0,1.0,5377566.0,1,NaN,18.3,1.0
92,0.0,1.0,0.0034749054169998816,2.0,NaN,23.7,5.0,6.0,0.0,5496232.0,1,1,23.7,1.0
93,1.0,0.0,0.005539907825000261,1.0,9.6,20.0,10.0,1.0,0.0,5550000.0,1,NaN,37.4,1.0
94,1.0,1.0,0.009283241028999375,3.0,6.0,16.0,NaN,5.0,0.0,5900000.0,1,1,30.0,0.0
95,0.0,0.0,0.009162976656999566,1.0,10.0,20.0,13.0,12.0,0.0,6000000.0,1,NaN,35.0,1.0
96,1.0,1.0,0.003615283701000061,12.0,9.6,20.1,10.0,12.0,0.0,6000000.0,1,1,35.1,0.0
97,1.0,1.0,0.003955642860999678,2.0,8.0,21.0,12.0,5.0,0.0,6100000.0,1,1,34.0,1.0
98,1.0,0.0,0.003615283701000061,12.0,10.0,20.0,10.0,12.0,0.0,6100000.0,1,1,36.0,1.0
99,0.0,0.0,0.003424318720999923,4.0,NaN,25.5,6.0,NaN,1.0,6258687.0,1,NaN,25.5,1.0
100,0.0,1.0,0.003424318720999923,4.0,NaN,15.0,6.0,4.0,1.0,6258687.0,1,NaN,25.5,1.0
101,0.0,1.0,0.003424318720999923,3.0,29.5,NaN,5.0,4.0,1.0,6325576.0,1,NaN,29.5,1.0
102,0.0,1.0,0.003424318720999923,3.0,NaN,17.0,6.0,4.0,1.0,6325576.0,1,NaN,30.0,1.0
103,0.0,1.0,0.003464304040000207,3.0,NaN,29.5,5.0,6.0,0.0,6325576.0,1,1,29.5,1.0
104,1.0,0.0,0.0100053463119993,2.0,10.0,18.0,10.0,12.0,0.0,6400000.0,1,1,34.0,1.0
105,0.0,0.0,0.003424318720999923,3.0,NaN,33.4,6.0,NaN,1.0,6437035.0,1,NaN,33.4,1.0
106,0.0,1.0,0.003424318720999923,3.0,NaN,18.0,6.0,4.0,1.0,6437035.0,1,NaN,33.5,1.0
107,0.0,1.0,0.003424318720999923,4.0,NaN,16.0,6.0,4.0,1.0,6449418.0,1,NaN,28.5,1.0
108,1.0,1.0,0.004265930408000018,5.0,5.6,18.6,10.0,5.0,0.0,6500000.0,1,1,30.7,1.0
109,0.0,1.0,0.009361539434000329,2.0,6.0,20.5,11.0,5.0,0.0,6500000.0,1,1,36.8,1.0
110,1.0,1.0,0.003829077784999889,5.0,5.6,20.2,5.0,9.0,0.0,6600000.0,1,NaN,33.1,1.0
111,1.0,1.0,0.003829077784999889,5.0,6.0,18.0,5.0,9.0,0.0,6600000.0,2,NaN,33.1,1.0
112,0.0,0.0,0.0014730681049998661,7.0,NaN,NaN,9.0,7.0,0.0,221956350.0,5,NaN,267.7,1.0
113,1.0,0.0,0.0021815145610003285,6.0,8.0,32.0,3.0,7.0,0.0,9850000.0,2,1,55.0,0.0
114,1.0,1.0,0.002327105811999994,8.0,10.0,20.0,7.0,9.0,0.0,13000000.0,1,1,38.0,1.0
115,0.0,1.0,0.003424318720999923,2.0,NaN,10.0,6.0,5.0,1.0,4814581.0,1,NaN,17.3,1.0
116,0.0,1.0,0.0034749054169998816,2.0,NaN,17.3,5.0,6.0,0.0,4814581.0,1,1,17.3,1.0
117,0.0,0.0,0.0034276795930003575,1.0,7.0,20.0,4.0,9.0,0.0,5300000.0,1,1,32.0,1.0
118,0.0,0.0,0.003424318720999923,5.0,NaN,18.3,6.0,NaN,1.0,5377566.0,1,NaN,18.3,1.0
119,0.0,1.0,0.003424318720999923,5.0,NaN,10.0,6.0,5.0,1.0,5377566.0,1,NaN,18.3,1.0
120,0.0,1.0,0.0034749054169998816,2.0,NaN,23.7,5.0,6.0,0.0,5496232.0,1,1,23.7,1.0
121,1.0,0.0,0.005539907825000261,1.0,9.6,20.0,10.0,1.0,0.0,5550000.0,1,NaN,37.4,1.0
122,1.0,1.0,0.009283241028999375,3.0,6.0,16.0,NaN,5.0,0.0,5900000.0,1,1,30.0,0.0
123,0.0,0.0,0.009162976656999566,1.0,10.0,20.0,13.0,12.0,0.0,6000000.0,1,NaN,35.0,1.0
124,1.0,1.0,0.003615283701000061,12.0,9.6,20.1,10.0,12.0,0.0,6000000.0,1,1,35.1,0.0
125,1.0,1.0,0.003955642860999678,2.0,8.0,21.0,12.0,5.0,0.0,6100000.0,1,1,34.0,1.0
126,1.0,0.0,0.003615283701000061,12.0,10.0,20.0,10.0,12.0,0.0,6100000.0,1,1,36.0,1.0
127,0.0,0.0,0.003424318720999923,4.0,NaN,25.5,6.0,NaN,1.0,6258687.0,1,NaN,25.5,1.0
128,0.0,1.0,0.003424318720999923,4.0,NaN,15.0,6.0,4.0,1.0,6258687.0,1,NaN,25.5,1.0
129,0.0,1.0,0.003424318720999923,3.0,29.5,NaN,5.0,4.0,1.0,6325576.0,1,NaN,29.5,1.0
130,0.0,1.0,0.003424318720999923,3.0,NaN,17.0,6.0,4.0,1.0,6325576.0,1,NaN,30.0,1.0
131,0.0,1.0,0.003464304040000207,3.0,NaN,29.5,5.0,6.0,0.0,6325576.0,1,1,29.5,1.0
132,1.0,0.0,0.0100053463119993,2.0,10.0,18.0,10.0,12.0,0.0,6400000.0,1,1,34.0,1.0
133,0.0,0.0,0.003424318720999923,3.0,NaN,33.4,6.0,NaN,1.0,6437035.0,1,NaN,33.4,1.0
134,0.0,1.0,0.003424318720999923,3.0,NaN,18.0,6.0,4.0,1.0,6437035.0,1,NaN,33.5,1.0
135,0.0,1.0,0.003424318720999923,4.0,NaN,16.0,6.0,4.0,1.0,6449418.0,1,NaN,28.5,1.0
136,1.0,1.0,0.004265930408000018,5.0,5.6,18.6,10.0,5.0,0.0,6500000.0,1,1,30.7,1.0
137,0.0,1.0,0.009361539434000329,2.0,6.0,20.5,11.0,5.0,0.0,6500000.0,1,1,36.8,1.0
138,1.0,1.0,0.003829077784999889,5.0,5.6,20.2,5.0,9.0,0.0,6600000.0,1,NaN,33.1,1.0
139,1.0,1.0,0.003829077784999889,5.0,6.0,18.0,5.0,9.0,0.0,6600000.0,2,NaN,33.1,1.0
140,0.0,1.0,0.0016959125059996666,1.0,15.0,90.0,3.0,14.0,0.0,87000000.0,3,1,113.5,1.0
141,0.0,1.0,0.0016226213530000414,3.0,11.0,75.0,5.0,13.0,0.0,120000000.0,3,1,122.0,1.0
142,0.0,0.0,0.0007117512399998683,3.0,NaN,NaN,9.0,7.0,1.0,155957350.0,5,NaN,215.5,1.0
143,0.0,1.0,0.003424318720999923,2.0,NaN,10.0,6.0,5.0,1.0,4814581.0,1,NaN,17.3,1.0
144,0.0,1.0,0.0034749054169998816,2.0,NaN,17.3,5.0,6.0,0.0,4814581.0,1,1,17.3,1.0
145,0.0,0.0,0.0034276795930003575,1.0,7.0,20.0,4.0,9.0,0.0,5300000.0,1,1,32.0,1.0
146,0.0,0.0,0.003424318720999923,5.0,NaN,18.3,6.0,NaN,1.0,5377566.0,1,NaN,18.3,1.0
147,0.0,1.0,0.003424318720999923,5.0,NaN,10.0,6.0,5.0,1.0,5377566.0,1,NaN,18.3,1.0
148,0.0,1.0,0.0034749054169998816,2.0,NaN,23.7,5.0,6.0,0.0,5496232.0,1,1,23.7,1.0
149,1.0,0.0,0.005539907825000261,1.0,9.6,20.0,10.0,1.0,0.0,5550000.0,1,NaN,37.4,1.0
150,1.0,1.0,0.009283241028999375,3.0,6.0,16.0,NaN,5.0,0.0,5900000.0,1,1,30.0,0.0
151,0.0,0.0,0.009162976656999566,1.0,10.0,20.0,13.0,12.0,0.0,6000000.0,1,NaN,35.0,1.0
152,1.0,1.0,0.003615283701000061,12.0,9.6,20.1,10.0,12.0,0.0,6000000.0,1,1,35.1,0.0
153,1.0,1.0,0.003955642860999678,2.0,8.0,21.0,12.0,5.0,0.0,6100000.0,1,1,34.0,1.0
154,1.0,0.0,0.003615283701000061,12.0,10.0,20.0,10.0,12.0,0.0,6100000.0,1,1,36.0,1.0
155,0.0,0.0,0.003424318720999923,4.0,NaN,25.5,6.0,NaN,1.0,6258687.0,1,NaN,25.5,1.0
156,0.0,1.0,0.003424318720999923,4.0,NaN,15.0,6.0,4.0,1.0,6258687.0,1,NaN,25.5,1.0
157,0.0,1.0,0.003424318720999923,3.0,29.5,NaN,5.0,4.0,1.0,6325576.0,1,NaN,29.5,1.0
158,0.0,1.0,0.003424318720999923,3.0,NaN,17.0,6.0,4.0,1.0,6325576.0,1,NaN,30.0,1.0
159,0.0,1.0,0.003464304040000207,3.0,NaN,29.5,5.0,6.0,0.0,6325576.0,1,1,29.5,1.0
160,1.0,0.0,0.0100053463119993,2.0,10.0,18.0,10.0,12.0,0.0,6400000.0,1,1,34.0,1.0
161,0.0,0.0,0.003424318720999923,3.0,NaN,33.4,6.0,NaN,1.0,6437035.0,1,NaN,33.4,1.0
162,0.0,1.0,0.003424318720999923,3.0,NaN,18.0,6.0,4.0,1.0,6437035.0,1,NaN,33.5,1.0
163,0.0,1.0,0.003424318720999923,4.0,NaN,16.0,6.0,4.0,1.0,6449418.0,1,NaN,28.5,1.0
164,1.0,1.0,0.004265930408000018,5.0,5.6,18.6,10.0,5.0,0.0,6500000.0,1,1,30.7,1.0
165,0.0,1.0,0.009361539434000329,2.0,6.0,20.5,11.0,5.0,0.0,6500000.0,1,1,36.8,1.0
166,1.0,1.0,0.003829077784999889,5.0,5.6,20.2,5.0,9.0,0.0,6600000.0,1,NaN,33.1,1.0
167,1.0,1.0,0.003829077784999889,5.0,6.0,18.0,5.0,9.0,0.0,6600000.0,2,NaN,33.1,1.0
168,0.0,1.0,0.0006835231300001711,4.0,10.0,30.0,7.0,8.0,0.0,20112000.0,1,1,50.8,1.0
169,1.0,1.0,0.0009251439209997852,9.0,13.3,101.7,5.0,10.0,0.0,64000000.0,4,1,150.0,1.0
170,1.0,1.0,0.001621434963999926,3.0,17.2,86.0,2.0,6.0,0.0,108000000.0,4,1,166.0,1.0
171,0.0,1.0,0.003424318720999923,2.0,NaN,10.0,6.0,5.0,1.0,4814581.0,1,NaN,17.3,1.0
172,0.0,1.0,0.0034749054169998816,2.0,NaN,17.3,5.0,6.0,0.0,4814581.0,1,1,17.3,1.0
173,0.0,0.0,0.0034276795930003575,1.0,7.0,20.0,4.0,9.0,0.0,5300000.0,1,1,32.0,1.0
174,0.0,0.0,0.003424318720999923,5.0,NaN,18.3,6.0,NaN,1.0,5377566.0,1,NaN,18.3,1.0
175,0.0,1.0,0.003424318720999923,5.0,NaN,10.0,6.0,5.0,1.0,5377566.0,1,NaN,18.3,1.0
176,0.0,1.0,0.0034749054169998816,2.0,NaN,23.7,5.0,6.0,0.0,5496232.0,1,1,23.7,1.0
177,1.0,0.0,0.005539907825000261,1.0,9.6,20.0,10.0,1.0,0.0,5550000.0,1,NaN,37.4,1.0
178,1.0,1.0,0.009283241028999375,3.0,6.0,16.0,NaN,5.0,0.0,5900000.0,1,1,30.0,0.0
179,0.0,0.0,0.009162976656999566,1.0,10.0,20.0,13.0,12.0,0.0,6000000.0,1,NaN,35.0,1.0
180,1.0,1.0,0.003615283701000061,12.0,9.6,20.1,10.0,12.0,0.0,6000000.0,1,1,35.1,0.0
181,1.0,1.0,0.003955642860999678,2.0,8.0,21.0,12.0,5.0,0.0,6100000.0,1,1,34.0,1.0
182,1.0,0.0,0.003615283701000061,12.0,10.0,20.0,10.0,12.0,0.0,6100000.0,1,1,36.0,1.0
183,0.0,0.0,0.003424318720999923,4.0,NaN,25.5,6.0,NaN,1.0,6258687.0,1,NaN,25.5,1.0
184,0.0,1.0,0.003424318720999923,4.0,NaN,15.0,6.0,4.0,1.0,6258687.0,1,NaN,25.5,1.0
185,0.0,1.0,0.003424318720999923,3.0,29.5,NaN,5.0,4.0,1.0,6325576.0,1,NaN,29.5,1.0
186,0.0,1.0,0.003424318720999923,3.0,NaN,17.0,6.0,4.0,1.0,6325576.0,1,NaN,30.0,1.0
187,0.0,1.0,0.003464304040000207,3.0,NaN,29.5,5.0,6.0,0.0,6325576.0,1,1,29.5,1.0
188,1.0,0.0,0.0100053463119993,2.0,10.0,18.0,10.0,12.0,0.0,6400000.0,1,1,34.0,1.0
189,0.0,0.0,0.003424318720999923,3.0,NaN,33.4,6.0,NaN,1.0,6437035.0,1,NaN,33.4,1.0
190,0.0,1.0,0.003424318720999923,3.0,NaN,18.0,6.0,4.0,1.0,6437035.0,1,NaN,33.5,1.0
191,0.0,1.0,0.003424318720999923,4.0,NaN,16.0,6.0,4.0,1.0,6449418.0,1,NaN,28.5,1.0
192,1.0,1.0,0.004265930408000018,5.0,5.6,18.6,10.0,5.0,0.0,6500000.0,1,1,30.7,1.0
193,0.0,1.0,0.009361539434000329,2.0,6.0,20.5,11.0,5.0,0.0,6500000.0,1,1,36.8,1.0
194,1.0,1.0,0.003829077784999889,5.0,5.6,20.2,5.0,9.0,0.0,6600000.0,1,NaN,33.1,1.0
195,1.0,1.0,0.003829077784999889,5.0,6.0,18.0,5.0,9.0,0.0,6600000.0,2,NaN,33.1,1.0
196,0.0,1.0,0.005164305588999477,10.0,45.0,40.0,13.0,22.0,0.0,79500000.0,3,1,150.0,1.0
197,1.0,1.0,0.0008444068099999002,5.0,18.0,75.0,8.0,23.0,0.0,57064612.0,4,1,110.0,1.0
198,1.0,1.0,0.0013700754049999092,9.0,27.0,85.0,8.0,9.0,0.0,51000000.0,5,NaN,152.0,1.0
199,0.0,1.0,0.003424318720999923,2.0,NaN,10.0,6.0,5.0,1.0,4814581.0,1,NaN,17.3,1.0
200,0.0,1.0,0.0034749054169998816,2.0,NaN,17.3,5.0,6.0,0.0,4814581.0,1,1,17.3,1.0
201,0.0,0.0,0.0034276795930003575,1.0,7.0,20.0,4.0,9.0,0.0,5300000.0,1,1,32.0,1.0
202,0.0,0.0,0.003424318720999923,5.0,NaN,18.3,6.0,NaN,1.0,5377566.0,1,NaN,18.3,1.0
203,0.0,1.0,0.003424318720999923,5.0,NaN,10.0,6.0,5.0,1.0,5377566.0,1,NaN,18.3,1.0
204,0.0,1.0,0.0034749054169998816,2.0,NaN,23.7,5.0,6.0,0.0,5496232.0,1,1,23.7,1.0
205,1.0,0.0,0.005539907825000261,1.0,9.6,20.0,10.0,1.0,0.0,5550000.0,1,NaN,37.4,1.0
206,1.0,1.0,0.009283241028999375,3.0,6.0,16.0,NaN,5.0,0.0,5900000.0,1,1,30.0,0.0
207,0.0,0.0,0.009162976656999566,1.0,10.0,20.0,13.0,12.0,0.0,6000000.0,1,NaN,35.0,1.0
208,1.0,1.0,0.003615283701000061,12.0,9.6,20.1,10.0,12.0,0.0,6000000.0,1,1,35.1,0.0
209,1.0,1.0,0.003955642860999678,2.0,8.0,21.0,12.0,5.0,0.0,6100000.0,1,1,34.0,1.0
210,1.0,0.0,0.003615283701000061,12.0,10.0,20.0,10.0,12.0,0.0,6100000.0,1,1,36.0,1.0
211,0.0,0.0,0.003424318720999923,4.0,NaN,25.5,6.0,NaN,1.0,6258687.0,1,NaN,25.5,1.0
212,0.0,1.0,0.003424318720999923,4.0,NaN,15.0,6.0,4.0,1.0,6258687.0,1,NaN,25.5,1.0
213,0.0,1.0,0.003424318720999923,3.0,29.5,NaN,5.0,4.0,1.0,6325576.0,1,NaN,29.5,1.0
214,0.0,1.0,0.003424318720999923,3.0,NaN,17.0,6.0,4.0,1.0,6325576.0,1,NaN,30.0,1.0
215,0.0,1.0,0.003464304040000207,3.0,NaN,29.5,5.0,6.0,0.0,6325576.0,1,1,29.5,1.0
216,1.0,0.0,0.0100053463119993,2.0,10.0,18.0,10.0,12.0,0.0,6400000.0,1,1,34.0,1.0
217,0.0,0.0,0.003424318720999923,3.0,NaN,33.4,6.0,NaN,1.0,6437035.0,1,NaN,33.4,1.0
218,0.0,1.0,0.003424318720999923,3.0,NaN,18.0,6.0,4.0,1.0,6437035.0,1,NaN,33.5,1.0
219,0.0,1.0,0.003424318720999923,4.0,NaN,16.0,6.0,4.0,1.0,6449418.0,1,NaN,28.5,1.0
220,1.0,1.0,0.004265930408000018,5.0,5.6,18.6,10.0,5.0,0.0,6500000.0,1,1,30.7,1.0
221,0.0,1.0,0.009361539434000329,2.0,6.0,20.5,11.0,5.0,0.0,6500000.0,1,1,36.8,1.0
222,1.0,1.0,0.003829077784999889,5.0,5.6,20.2,5.0,9.0,0.0,6600000.0,1,NaN,33.1,1.0
223,1.0,1.0,0.003829077784999889,5.0,6.0,18.0,5.0,9.0,0.0,6600000.0,2,NaN,33.1,1.0
224,0.0,0.0,0.0006826357490002385,3.0,14.0,59.2,10.0,6.0,0.0,35890000.0,3,NaN,85.0,1.0
225,0.0,0.0,0.000502240877000035,3.0,NaN,NaN,7.0,6.0,1.0,177060000.0,3,NaN,136.2,1.0
226,1.0,1.0,0.000326498525000038,3.0,7.0,30.0,3.0,8.0,0.0,15400000.0,2,1,46.0,1.0
227,0.0,1.0,0.003424318720999923,2.0,NaN,10.0,6.0,5.0,1.0,4814581.0,1,NaN,17.3,1.0
228,0.0,1.0,0.0034749054169998816,2.0,NaN,17.3,5.0,6.0,0.0,4814581.0,1,1,17.3,1.0
229,0.0,0.0,0.0034276795930003575,1.0,7.0,20.0,4.0,9.0,0.0,5300000.0,1,1,32.0,1.0
230,0.0,0.0,0.003424318720999923,5.0,NaN,18.3,6.0,NaN,1.0,5377566.0,1,NaN,18.3,1.0
231,0.0,1.0,0.003424318720999923,5.0,NaN,10.0,6.0,5.0,1.0,5377566.0,1,NaN,18.3,1.0
232,0.0,1.0,0.0034749054169998816,2.0,NaN,23.7,5.0,6.0,0.0,5496232.0,1,1,23.7,1.0
233,1.0,0.0,0.005539907825000261,1.0,9.6,20.0,10.0,1.0,0.0,5550000.0,1,NaN,37.4,1.0
234,1.0,1.0,0.009283241028999375,3.0,6.0,16.0,NaN,5.0,0.0,5900000.0,1,1,30.0,0.0
235,0.0,0.0,0.009162976656999566,1.0,10.0,20.0,13.0,12.0,0.0,6000000.0,1,NaN,35.0,1.0
236,1.0,1.0,0.003615283701000061,12.0,9.6,20.1,10.0,12.0,0.0,6000000.0,1,1,35.1,0.0
237,1.0,1.0,0.003955642860999678,2.0,8.0,21.0,12.0,5.0,0.0,6100000.0,1,1,34.0,1.0
238,1.0,0.0,0.003615283701000061,12.0,10.0,20.0,10.0,12.0,0.0,6100000.0,1,1,36.0,1.0
239,0.0,0.0,0.003424318720999923,4.0,NaN,25.5,6.0,NaN,1.0,6258687.0,1,NaN,25.5,1.0
240,0.0,1.0,0.003424318720999923,4.0,NaN,15.0,6.0,4.0,1.0,6258687.0,1,NaN,25.5,1.0
241,0.0,1.0,0.003424318720999923,3.0,29.5,NaN,5.0,4.0,1.0,6325576.0,1,NaN,29.5,1.0
242,0.0,1.0,0.003424318720999923,3.0,NaN,17.0,6.0,4.0,1.0,6325576.0,1,NaN,30.0,1.0
243,0.0,1.0,0.003464304040000207,3.0,NaN,29.5,5.0,6.0,0.0,6325576.0,1,1,29.5,1.0
244,1.0,0.0,0.0100053463119993,2.0,10.0,18.0,10.0,12.0,0.0,6400000.0,1,1,34.0,1.0
245,0.0,0.0,0.003424318720999923,3.0,NaN,33.4,6.0,NaN,1.0,6437035.0,1,NaN,33.4,1.0
246,0.0,1.0,0.003424318720999923,3.0,NaN,18.0,6.0,4.0,1.0,6437035.0,1,NaN,33.5,1.0
247,0.0,1.0,0.003424318720999923,4.0,NaN,16.0,6.0,4.0,1.0,6449418.0,1,NaN,28.5,1.0
248,1.0,1.0,0.004265930408000018,5.0,5.6,18.6,10.0,5.0,0.0,6500000.0,1,1,30.7,1.0
249,0.0,1.0,0.009361539434000329,2.0,6.0,20.5,11.0,5.0,0.0,6500000.0,1,1,36.8,1.0
250,1.0,1.0,0.003829077784999889,5.0,5.6,20.2,5.0,9.0,0.0,6600000.0,1,NaN,33.1,1.0
251,1.0,1.0,0.003829077784999889,5.0,6.0,18.0,5.0,9.0,0.0,6600000.0,2,NaN,33.1,1.0
252,1.0,1.0,0.0015729352370000642,4.0,27.0,143.0,2.0,NaN,0.0,136955070.0,4,1,170.0,0.0
253,0.0,1.0,0.00028140419700005013,2.0,NaN,NaN,3.0,3.0,0.0,50716000.0,3,NaN,105.6,1.0
254,0.0,1.0,0.0008594455450000846,6.0,16.2,35.1,9.0,11.0,0.0,57000000.0,3,1,78.0,1.0
255,0.0,1.0,0.003424318720999923,2.0,NaN,10.0,6.0,5.0,1.0,4814581.0,1,NaN,17.3,1.0
256,0.0,1.0,0.0034749054169998816,2.0,NaN,17.3,5.0,6.0,0.0,4814581.0,1,1,17.3,1.0
257,0.0,0.0,0.0034276795930003575,1.0,7.0,20.0,4.0,9.0,0.0,5300000.0,1,1,32.0,1.0
258,0.0,0.0,0.003424318720999923,5.0,NaN,18.3,6.0,NaN,1.0,5377566.0,1,NaN,18.3,1.0
259,0.0,1.0,0.003424318720999923,5.0,NaN,10.0,6.0,5.0,1.0,5377566.0,1,NaN,18.3,1.0
260,0.0,1.0,0.0034749054169998816,2.0,NaN,23.7,5.0,6.0,0.0,5496232.0,1,1,23.7,1.0
261,1.0,0.0,0.005539907825000261,1.0,9.6,20.0,10.0,1.0,0.0,5550000.0,1,NaN,37.4,1.0
262,1.0,1.0,0.009283241028999375,3.0,6.0,16.0,NaN,5.0,0.0,5900000.0,1,1,30.0,0.0
263,0.0,0.0,0.009162976656999566,1.0,10.0,20.0,13.0,12.0,0.0,6000000.0,1,NaN,35.0,1.0
264,1.0,1.0,0.003615283701000061,12.0,9.6,20.1,10.0,12.0,0.0,6000000.0,1,1,35.1,0.0
265,1.0,1.0,0.003955642860999678,2.0,8.0,21.0,12.0,5.0,0.0,6100000.0,1,1,34.0,1.0
266,1.0,0.0,0.003615283701000061,12.0,10.0,20.0,10.0,12.0,0.0,6100000.0,1,1,36.0,1.0
267,0.0,0.0,0.003424318720999923,4.0,NaN,25.5,6.0,NaN,1.0,6258687.0,1,NaN,25.5,1.0
268,0.0,1.0,0.003424318720999923,4.0,NaN,15.0,6.0,4.0,1.0,6258687.0,1,NaN,25.5,1.0
269,0.0,1.0,0.003424318720999923,3.0,29.5,NaN,5.0,4.0,1.0,6325576.0,1,NaN,29.5,1.0
270,0.0,1.0,0.003424318720999923,3.0,NaN,17.0,6.0,4.0,1.0,6325576.0,1,NaN,30.0,1.0
271,0.0,1.0,0.003464304040000207,3.0,NaN,29.5,5.0,6.0,0.0,6325576.0,1,1,29.5,1.0
272,1.0,0.0,0.0100053463119993,2.0,10.0,18.0,10.0,12.0,0.0,6400000.0,1,1,34.0,1.0
273,0.0,0.0,0.003424318720999923,3.0,NaN,33.4,6.0,NaN,1.0,6437035.0,1,NaN,33.4,1.0
274,0.0,1.0,0.003424318720999923,3.0,NaN,18.0,6.0,4.0,1.0,6437035.0,1,NaN,33.5,1.0
275,0.0,1.0,0.003424318720999923,4.0,NaN,16.0,6.0,4.0,1.0,6449418.0,1,NaN,28.5,1.0
276,1.0,1.0,0.004265930408000018,5.0,5.6,18.6,10.0,5.0,0.0,6500000.0,1,1,30.7,1.0
277,0.0,1.0,0.009361539434000329,2.0,6.0,20.5,11.0,5.0,0.0,6500000.0,1,1,36.8,1.0
278,1.0,1.0,0.003829077784999889,5.0,5.6,20.2,5.0,9.0,0.0,6600000.0,1,NaN,33.1,1.0
279,1.0,1.0,0.003829077784999889,5.0,6.0,18.0,5.0,9.0,0.0,6600000.0,2,NaN,33.1,1.0
280,1.0,0.0,0.003266586184999873,5.0,9.0,54.0,10.0,8.0,0.0,23000000.0,3,1,78.2,1.0
281,1.0,1.0,0.003441414688999758,2.0,8.5,24.8,5.0,13.0,1.0,14558000.0,2,NaN,50.2,1.0
282,0.0,1.0,0.0029699898649998735,2.0,30.0,55.5,6.0,12.0,0.0,30850000.0,4,1,115.0,1.0
283,0.0,1.0,0.003424318720999923,2.0,NaN,10.0,6.0,5.0,1.0,4814581.0,1,NaN,17.3,1.0
284,0.0,1.0,0.0034749054169998816,2.0,NaN,17.3,5.0,6.0,0.0,4814581.0,1,1,17.3,1.0
285,0.0,0.0,0.0034276795930003575,1.0,7.0,20.0,4.0,9.0,0.0,5300000.0,1,1,32.0,1.0
286,0.0,0.0,0.003424318720999923,5.0,NaN,18.3,6.0,NaN,1.0,5377566.0,1,NaN,18.3,1.0
287,0.0,1.0,0.003424318720999923,5.0,NaN,10.0,6.0,5.0,1.0,5377566.0,1,NaN,18.3,1.0
288,0.0,1.0,0.0034749054169998816,2.0,NaN,23.7,5.0,6.0,0.0,5496232.0,1,1,23.7,1.0
289,1.0,0.0,0.005539907825000261,1.0,9.6,20.0,10.0,1.0,0.0,5550000.0,1,NaN,37.4,1.0
290,1.0,1.0,0.009283241028999375,3.0,6.0,16.0,NaN,5.0,0.0,5900000.0,1,1,30.0,0.0
291,0.0,0.0,0.009162976656999566,1.0,10.0,20.0,13.0,12.0,0.0,6000000.0,1,NaN,35.0,1.0
292,1.0,1.0,0.003615283701000061,12.0,9.6,20.1,10.0,12.0,0.0,6000000.0,1,1,35.1,0.0
293,1.0,1.0,0.003955642860999678,2.0,8.0,21.0,12.0,5.0,0.0,6100000.0,1,1,34.0,1.0
294,1.0,0.0,0.003615283701000061,12.0,10.0,20.0,10.0,12.0,0.0,6100000.0,1,1,36.0,1.0
295,0.0,0.0,0.003424318720999923,4.0,NaN,25.5,6.0,NaN,1.0,6258687.0,1,NaN,25.5,1.0
296,0.0,1.0,0.003424318720999923,4.0,NaN,15.0,6.0,4.0,1.0,6258687.0,1,NaN,25.5,1.0
297,0.0,1.0,0.003424318720999923,3.0,29.5,NaN,5.0,4.0,1.0,6325576.0,1,NaN,29.5,1.0
298,0.0,1.0,0.003424318720999923,3.0,NaN,17.0,6.0,4.0,1.0,6325576.0,1,NaN,30.0,1.0
299,0.0,1.0,0.003464304040000207,3.0,NaN,29.5,5.0,6.0,0.0,6325576.0,1,1,29.5,1.0
300,1.0,0.0,0.0100053463119993,2.0,10.0,18.0,10.0,12.0,0.0,6400000.0,1,1,34.0,1.0
301,0.0,0.0,0.003424318720999923,3.0,NaN,33.4,6.0,NaN,1.0,6437035.0,1,NaN,33.4,1.0
302,0.0,1.0,0.003424318720999923,3.0,NaN,18.0,6.0,4.0,1.0,6437035.0,1,NaN,33.5,1.0
303,0.0,1.0,0.003424318720999923,4.0,NaN,16.0,6.0,4.0,1.0,6449418.0,1,NaN,28.5,1.0
304,1.0,1.0,0.004265930408000018,5.0,5.6,18.6,10.0,5.0,0.0,6500000.0,1,1,30.7,1.0
305,0.0,1.0,0.009361539434000329,2.0,6.0,20.5,11.0,5.0,0.0,6500000.0,1,1,36.8,1.0
306,1.0,1.0,0.003829077784999889,5.0,5.6,20.2,5.0,9.0,0.0,6600000.0,1,NaN,33.1,1.0
307,1.0,1.0,0.003829077784999889,5.0,6.0,18.0,5.0,9.0,0.0,6600000.0,2,NaN,33.1,1.0
308,0.0,1.0,0.0011308877840000768,10.0,NaN,100.0,5.0,12.0,0.0,125000000.0,3,NaN,205.8,1.0
309,0.0,0.0,0.000915071090000034,2.0,NaN,95.0,7.0,6.0,0.0,101500000.0,4,NaN,155.0,1.0
310,1.0,1.0,0.0020392641369998982,7.0,20.0,111.0,5.0,7.0,0.0,121000000.0,5,1,202.2,1.0
311,0.0,1.0,0.003424318720999923,2.0,NaN,10.0,6.0,5.0,1.0,4814581.0,1,NaN,17.3,1.0
312,0.0,1.0,0.0034749054169998816,2.0,NaN,17.3,5.0,6.0,0.0,4814581.0,1,1,17.3,1.0
313,0.0,0.0,0.0034276795930003575,1.0,7.0,20.0,4.0,9.0,0.0,5300000.0,1,1,32.0,1.0
314,0.0,0.0,0.003424318720999923,5.0,NaN,18.3,6.0,NaN,1.0,5377566.0,1,NaN,18.3,1.0
315,0.0,1.0,0.003424318720999923,5.0,NaN,10.0,6.0,5.0,1.0,5377566.0,1,NaN,18.3,1.0
316,0.0,1.0,0.0034749054169998816,2.0,NaN,23.7,5.0,6.0,0.0,5496232.0,1,1,23.7,1.0
317,1.0,0.0,0.005539907825000261,1.0,9.6,20.0,10.0,1.0,0.0,5550000.0,1,NaN,37.4,1.0
318,1.0,1.0,0.009283241028999375,3.0,6.0,16.0,NaN,5.0,0.0,5900000.0,1,1,30.0,0.0
319,0.0,0.0,0.009162976656999566,1.0,10.0,20.0,13.0,12.0,0.0,6000000.0,1,NaN,35.0,1.0
320,1.0,1.0,0.003615283701000061,12.0,9.6,20.1,10.0,12.0,0.0,6000000.0,1,1,35.1,0.0
321,1.0,1.0,0.003955642860999678,2.0,8.0,21.0,12.0,5.0,0.0,6100000.0,1,1,34.0,1.0
322,1.0,0.0,0.003615283701000061,12.0,10.0,20.0,10.0,12.0,0.0,6100000.0,1,1,36.0,1.0
323,0.0,0.0,0.003424318720999923,4.0,NaN,25.5,6.0,NaN,1.0,6258687.0,1,NaN,25.5,1.0
324,0.0,1.0,0.003424318720999923,4.0,NaN,15.0,6.0,4.0,1.0,6258687.0,1,NaN,25.5,1.0
325,0.0,1.0,0.003424318720999923,3.0,29.5,NaN,5.0,4.0,1.0,6325576.0,1,NaN,29.5,1.0
326,0.0,1.0,0.003424318720999923,3.0,NaN,17.0,6.0,4.0,1.0,6325576.0,1,NaN,30.0,1.0
327,0.0,1.0,0.003464304040000207,3.0,NaN,29.5,5.0,6.0,0.0,6325576.0,1,1,29.5,1.0
328,1.0,0.0,0.0100053463119993,2.0,10.0,18.0,10.0,12.0,0.0,6400000.0,1,1,34.0,1.0
329,0.0,0.0,0.003424318720999923,3.0,NaN,33.4,6.0,NaN,1.0,6437035.0,1,NaN,33.4,1.0
330,0.0,1.0,0.003424318720999923,3.0,NaN,18.0,6.0,4.0,1.0,6437035.0,1,NaN,33.5,1.0
331,0.0,1.0,0.003424318720999923,4.0,NaN,16.0,6.0,4.0,1.0,6449418.0,1,NaN,28.5,1.0
332,1.0,1.0,0.004265930408000018,5.0,5.6,18.6,10.0,5.0,0.0,6500000.0,1,1,30.7,1.0
333,0.0,1.0,0.009361539434000329,2.0,6.0,20.5,11.0,5.0,0.0,6500000.0,1,1,36.8,1.0
334,1.0,1.0,0.003829077784999889,5.0,5.6,20.2,5.0,9.0,0.0,6600000.0,1,NaN,33.1,1.0
335,1.0,1.0,0.003829077784999889,5.0,6.0,18.0,5.0,9.0,0.0,6600000.0,2,NaN,33.1,1.0
336,0.0,1.0,0.003424318720999923,3.0,NaN,NaN,9.0,6.0,1.0,8628726.0,2,NaN,50.0,1.0
337,1.0,1.0,0.002496481075999818,10.0,18.5,34.0,5.0,13.0,0.0,49600000.0,3,1,84.0,1.0
338,0.0,1.0,0.0002647883450001071,4.0,8.0,43.9,5.0,6.0,1.0,39352000.0,2,NaN,70.0,1.0
339,0.0,1.0,0.003424318720999923,2.0,NaN,10.0,6.0,5.0,1.0,4814581.0,1,NaN,17.3,1.0
340,0.0,1.0,0.0034749054169998816,2.0,NaN,17.3,5.0,6.0,0.0,4814581.0,1,1,17.3,1.0
341,0.0,0.0,0.0034276795930003575,1.0,7.0,20.0,4.0,9.0,0.0,5300000.0,1,1,32.0,1.0
342,0.0,0.0,0.003424318720999923,5.0,NaN,18.3,6.0,NaN,1.0,5377566.0,1,NaN,18.3,1.0
343,0.0,1.0,0.003424318720999923,5.0,NaN,10.0,6.0,5.0,1.0,5377566.0,1,NaN,18.3,1.0
344,0.0,1.0,0.0034749054169998816,2.0,NaN,23.7,5.0,6.0,0.0,5496232.0,1,1,23.7,1.0
345,1.0,0.0,0.005539907825000261,1.0,9.6,20.0,10.0,1.0,0.0,5550000.0,1,NaN,37.4,1.0
346,1.0,1.0,0.009283241028999375,3.0,6.0,16.0,NaN,5.0,0.0,5900000.0,1,1,30.0,0.0
347,0.0,0.0,0.009162976656999566,1.0,10.0,20.0,13.0,12.0,0.0,6000000.0,1,NaN,35.0,1.0
348,1.0,1.0,0.003615283701000061,12.0,9.6,20.1,10.0,12.0,0.0,6000000.0,1,1,35.1,0.0
349,1.0,1.0,0.003955642860999678,2.0,8.0,21.0,12.0,5.0,0.0,6100000.0,1,1,34.0,1.0
350,1.0,0.0,0.003615283701000061,12.0,10.0,20.0,10.0,12.0,0.0,6100000.0,1,1,36.0,1.0
351,0.0,0.0,0.003424318720999923,4.0,NaN,25.5,6.0,NaN,1.0,6258687.0,1,NaN,25.5,1.0
352,0.0,1.0,0.003424318720999923,4.0,NaN,15.0,6.0,4.0,1.0,6258687.0,1,NaN,25.5,1.0
353,0.0,1.0,0.003424318720999923,3.0,29.5,NaN,5.0,4.0,1.0,6325576.0,1,NaN,29.5,1.0
354,0.0,1.0,0.003424318720999923,3.0,NaN,17.0,6.0,4.0,1.0,6325576.0,1,NaN,30.0,1.0
355,0.0,1.0,0.003464304040000207,3.0,NaN,29.5,5.0,6.0,0.0,6325576.0,1,1,29.5,1.0
356,1.0,0.0,0.0100053463119993,2.0,10.0,18.0,10.0,12.0,0.0,6400000.0,1,1,34.0,1.0
357,0.0,0.0,0.003424318720999923,3.0,NaN,33.4,6.0,NaN,1.0,6437035.0,1,NaN,33.4,1.0
358,0.0,1.0,0.003424318720999923,3.0,NaN,18.0,6.0,4.0,1.0,6437035.0,1,NaN,33.5,1.0
359,0.0,1.0,0.003424318720999923,4.0,NaN,16.0,6.0,4.0,1.0,6449418.0,1,NaN,28.5,1.0
360,1.0,1.0,0.004265930408000018,5.0,5.6,18.6,10.0,5.0,0.0,6500000.0,1,1,30.7,1.0
361,0.0,1.0,0.009361539434000329,2.0,6.0,20.5,11.0,5.0,0.0,6500000.0,1,1,36.8,1.0
362,1.0,1.0,0.003829077784999889,5.0,5.6,20.2,5.0,9.0,0.0,6600000.0,1,NaN,33.1,1.0
363,1.0,1.0,0.003829077784999889,5.0,6.0,18.0,5.0,9.0,0.0,6600000.0,2,NaN,33.1,1.0
364,1.0,0.0,0.0014200671330000187,3.0,9.0,38.0,7.0,7.0,0.0,21800000.0,2,NaN,59.0,1.0
365,1.0,1.0,0.004855430097999784,15.0,12.0,34.0,10.0,17.0,0.0,14500000.0,2,1,64.0,1.0
366,0.0,0.0,0.001995912105999655,5.0,NaN,NaN,7.0,12.0,0.0,131300000.0,2,NaN,131.3,1.0
367,0.0,1.0,0.003424318720999923,2.0,NaN,10.0,6.0,5.0,1.0,4814581.0,1,NaN,17.3,1.0
368,0.0,1.0,0.0034749054169998816,2.0,NaN,17.3,5.0,6.0,0.0,4814581.0,1,1,17.3,1.0
369,0.0,0.0,0.0034276795930003575,1.0,7.0,20.0,4.0,9.0,0.0,5300000.0,1,1,32.0,1.0
370,0.0,0.0,0.003424318720999923,5.0,NaN,18.3,6.0,NaN,1.0,5377566.0,1,NaN,18.3,1.0
371,0.0,1.0,0.003424318720999923,5.0,NaN,10.0,6.0,5.0,1.0,5377566.0,1,NaN,18.3,1.0
372,0.0,1.0,0.0034749054169998816,2.0,NaN,23.7,5.0,6.0,0.0,5496232.0,1,1,23.7,1.0
373,1.0,0.0,0.005539907825000261,1.0,9.6,20.0,10.0,1.0,0.0,5550000.0,1,NaN,37.4,1.0
374,1.0,1.0,0.009283241028999375,3.0,6.0,16.0,NaN,5.0,0.0,5900000.0,1,1,30.0,0.0
375,0.0,0.0,0.009162976656999566,1.0,10.0,20.0,13.0,12.0,0.0,6000000.0,1,NaN,35.0,1.0
376,1.0,1.0,0.003615283701000061,12.0,9.6,20.1,10.0,12.0,0.0,6000000.0,1,1,35.1,0.0
377,1.0,1.0,0.003955642860999678,2.0,8.0,21.0,12.0,5.0,0.0,6100000.0,1,1,34.0,1.0
378,1.0,0.0,0.003615283701000061,12.0,10.0,20.0,10.0,12.0,0.0,6100000.0,1,1,36.0,1.0
379,0.0,0.0,0.003424318720999923,4.0,NaN,25.5,6.0,NaN,1.0,6258687.0,1,NaN,25.5,1.0
380,0.0,1.0,0.003424318720999923,4.0,NaN,15.0,6.0,4.0,1.0,6258687.0,1,NaN,25.5,1.0
381,0.0,1.0,0.003424318720999923,3.0,29.5,NaN,5.0,4.0,1.0,6325576.0,1,NaN,29.5,1.0
382,0.0,1.0,0.003424318720999923,3.0,NaN,17.0,6.0,4.0,1.0,6325576.0,1,NaN,30.0,1.0
383,0.0,1.0,0.003464304040000207,3.0,NaN,29.5,5.0,6.0,0.0,6325576.0,1,1,29.5,1.0
384,1.0,0.0,0.0100053463119993,2.0,10.0,18.0,10.0,12.0,0.0,6400000.0,1,1,34.0,1.0
385,0.0,0.0,0.003424318720999923,3.0,NaN,33.4,6.0,NaN,1.0,6437035.0,1,NaN,33.4,1.0
386,0.0,1.0,0.003424318720999923,3.0,NaN,18.0,6.0,4.0,1.0,6437035.0,1,NaN,33.5,1.0
387,0.0,1.0,0.003424318720999923,4.0,NaN,16.0,6.0,4.0,1.0,6449418.0,1,NaN,28.5,1.0
388,1.0,1.0,0.004265930408000018,5.0,5.6,18.6,10.0,5.0,0.0,6500000.0,1,1,30.7,1.0
389,0.0,1.0,0.009361539434000329,2.0,6.0,20.5,11.0,5.0,0.0,6500000.0,1,1,36.8,1.0
390,1.0,1.0,0.003829077784999889,5.0,5.6,20.2,5.0,9.0,0.0,6600000.0,1,NaN,33.1,1.0
391,1.0,1.0,0.003829077784999889,5.0,6.0,18.0,5.0,9.0,0.0,6600000.0,2,NaN,33.1,1.0
392,0.0,0.0,0.00035959254499991065,5.0,NaN,54.6,5.0,7.0,0.0,48430200.0,2,NaN,54.6,1.0
393,0.0,1.0,0.0008172619090001295,11.0,NaN,40.0,12.0,14.0,1.0,36099975.0,2,NaN,75.0,1.0
394,0.0,0.0,0.0009198851569997108,2.0,NaN,150.0,10.0,12.0,0.0,190000000.0,4,1,219.0,1.0
395,0.0,1.0,0.003424318720999923,2.0,NaN,10.0,6.0,5.0,1.0,4814581.0,1,NaN,17.3,1.0
396,0.0,1.0,0.0034749054169998816,2.0,NaN,17.3,5.0,6.0,0.0,4814581.0,1,1,17.3,1.0
397,0.0,0.0,0.0034276795930003575,1.0,7.0,20.0,4.0,9.0,0.0,5300000.0,1,1,32.0,1.0
398,0.0,0.0,0.003424318720999923,5.0,NaN,18.3,6.0,NaN,1.0,5377566.0,1,NaN,18.3,1.0
399,0.0,1.0,0.003424318720999923,5.0,NaN,10.0,6.0,5.0,1.0,5377566.0,1,NaN,18.3,1.0
400,0.0,1.0,0.0034749054169998816,2.0,NaN,23.7,5.0,6.0,0.0,5496232.0,1,1,23.7,1.0
401,1.0,0.0,0.005539907825000261,1.0,9.6,20.0,10.0,1.0,0.0,5550000.0,1,NaN,37.4,1.0
402,1.0,1.0,0.009283241028999375,3.0,6.0,16.0,NaN,5.0,0.0,5900000.0,1,1,30.0,0.0
403,0.0,0.0,0.009162976656999566,1.0,10.0,20.0,13.0,12.0,0.0,6000000.0,1,NaN,35.0,1.0
404,1.0,1.0,0.003615283701000061,12.0,9.6,20.1,10.0,12.0,0.0,6000000.0,1,1,35.1,0.0
405,1.0,1.0,0.003955642860999678,2.0,8.0,21.0,12.0,5.0,0.0,6100000.0,1,1,34.0,1.0
406,1.0,0.0,0.003615283701000061,12.0,10.0,20.0,10.0,12.0,0.0,6100000.0,1,1,36.0,1.0
407,0.0,0.0,0.003424318720999923,4.0,NaN,25.5,6.0,NaN,1.0,6258687.0,1,NaN,25.5,1.0
408,0.0,1.0,0.003424318720999923,4.0,NaN,15.0,6.0,4.0,1.0,6258687.0,1,NaN,25.5,1.0
409,0.0,1.0,0.003424318720999923,3.0,29.5,NaN,5.0,4.0,1.0,6325576.0,1,NaN,29.5,1.0
410,0.0,1.0,0.003424318720999923,3.0,NaN,17.0,6.0,4.0,1.0,6325576.0,1,NaN,30.0,1.0
411,0.0,1.0,0.003464304040000207,3.0,NaN,29.5,5.0,6.0,0.0,6325576.0,1,1,29.5,1.0
412,1.0,0.0,0.0100053463119993,2.0,10.0,18.0,10.0,12.0,0.0,6400000.0,1,1,34.0,1.0
413,0.0,0.0,0.003424318720999923,3.0,NaN,33.4,6.0,NaN,1.0,6437035.0,1,NaN,33.4,1.0
414,0.0,1.0,0.003424318720999923,3.0,NaN,18.0,6.0,4.0,1.0,6437035.0,1,NaN,33.5,1.0
415,0.0,1.0,0.003424318720999923,4.0,NaN,16.0,6.0,4.0,1.0,6449418.0,1,NaN,28.5,1.0
416,1.0,1.0,0.004265930408000018,5.0,5.6,18.6,10.0,5.0,0.0,6500000.0,1,1,30.7,1.0
417,0.0,1.0,0.009361539434000329,2.0,6.0,20.5,11.0,5.0,0.0,6500000.0,1,1,36.8,1.0
418,1.0,1.0,0.003829077784999889,5.0,5.6,20.2,5.0,9.0,0.0,6600000.0,1,NaN,33.1,1.0
419,1.0,1.0,0.003829077784999889,5.0,6.0,18.0,5.0,9.0,0.0,6600000.0,2,NaN,33.1,1.0
420,0.0,1.0,0.0007309141059999291,4.0,10.0,47.0,5.0,9.0,0.0,24800000.0,2,1,70.0,1.0
421,1.0,1.0,0.00422274464799986,3.0,NaN,NaN,5.0,18.0,0.0,35980000.0,2,NaN,88.8,1.0
422,0.0,1.0,8.127986000006673e-05,2.0,10.0,23.0,10.0,9.0,0.0,16900000.0,1,1,47.0,1.0
423,0.0,1.0,0.003424318720999923,2.0,NaN,10.0,6.0,5.0,1.0,4814581.0,1,NaN,17.3,1.0
424,0.0,1.0,0.0034749054169998816,2.0,NaN,17.3,5.0,6.0,0.0,4814581.0,1,1,17.3,1.0
425,0.0,0.0,0.0034276795930003575,1.0,7.0,20.0,4.0,9.0,0.0,5300000.0,1,1,32.0,1.0
426,0.0,0.0,0.003424318720999923,5.0,NaN,18.3,6.0,NaN,1.0,5377566.0,1,NaN,18.3,1.0
427,0.0,1.0,0.003424318720999923,5.0,NaN,10.0,6.0,5.0,1.0,5377566.0,1,NaN,18.3,1.0
428,0.0,1.0,0.0034749054169998816,2.0,NaN,23.7,5.0,6.0,0.0,5496232.0,1,1,23.7,1.0
429,1.0,0.0,0.005539907825000261,1.0,9.6,20.0,10.0,1.0,0.0,5550000.0,1,NaN,37.4,1.0
430,1.0,1.0,0.009283241028999375,3.0,6.0,16.0,NaN,5.0,0.0,5900000.0,1,1,30.0,0.0
431,0.0,0.0,0.009162976656999566,1.0,10.0,20.0,13.0,12.0,0.0,6000000.0,1,NaN,35.0,1.0
432,1.0,1.0,0.003615283701000061,12.0,9.6,20.1,10.0,12.0,0.0,6000000.0,1,1,35.1,0.0
433,1.0,1.0,0.003955642860999678,2.0,8.0,21.0,12.0,5.0,0.0,6100000.0,1,1,34.0,1.0
434,1.0,0.0,0.003615283701000061,12.0,10.0,20.0,10.0,12.0,0.0,6100000.0,1,1,36.0,1.0
435,0.0,0.0,0.003424318720999923,4.0,NaN,25.5,6.0,NaN,1.0,6258687.0,1,NaN,25.5,1.0
436,0.0,1.0,0.003424318720999923,4.0,NaN,15.0,6.0,4.0,1.0,6258687.0,1,NaN,25.5,1.0
437,0.0,1.0,0.003424318720999923,3.0,29.5,NaN,5.0,4.0,1.0,6325576.0,1,NaN,29.5,1.0
438,0.0,1.0,0.003424318720999923,3.0,NaN,17.0,6.0,4.0,1.0,6325576.0,1,NaN,30.0,1.0
439,0.0,1.0,0.003464304040000207,3.0,NaN,29.5,5.0,6.0,0.0,6325576.0,1,1,29.5,1.0
440,1.0,0.0,0.0100053463119993,2.0,10.0,18.0,10.0,12.0,0.0,6400000.0,1,1,34.0,1.0
441,0.0,0.0,0.003424318720999923,3.0,NaN,33.4,6.0,NaN,1.0,6437035.0,1,NaN,33.4,1.0
442,0.0,1.0,0.003424318720999923,3.0,NaN,18.0,6.0,4.0,1.0,6437035.0,1,NaN,33.5,1.0
443,0.0,1.0,0.003424318720999923,4.0,NaN,16.0,6.0,4.0,1.0,6449418.0,1,NaN,28.5,1.0
444,1.0,1.0,0.004265930408000018,5.0,5.6,18.6,10.0,5.0,0.0,6500000.0,1,1,30.7,1.0
445,0.0,1.0,0.009361539434000329,2.0,6.0,20.5,11.0,5.0,0.0,6500000.0,1,1,36.8,1.0
446,1.0,1.0,0.003829077784999889,5.0,5.6,20.2,5.0,9.0,0.0,6600000.0,1,NaN,33.1,1.0
447,1.0,1.0,0.003829077784999889,5.0,6.0,18.0,5.0,9.0,0.0,6600000.0,2,NaN,33.1,1.0
448,0.0,1.0,0.0011308877840000768,10.0,NaN,100.0,5.0,12.0,0.0,125000000.0,3,NaN,205.8,1.0
449,1.0,1.0,0.002504056129999855,4.0,13.9,50.2,5.0,13.0,0.0,73000000.0,3,NaN,104.7,1.0
450,0.0,0.0,0.0008401519299998913,3.0,19.0,96.0,10.0,10.0,0.0,61500000.0,2,1,120.0,1.0
451,0.0,1.0,0.003424318720999923,2.0,NaN,10.0,6.0,5.0,1.0,4814581.0,1,NaN,17.3,1.0
452,0.0,1.0,0.0034749054169998816,2.0,NaN,17.3,5.0,6.0,0.0,4814581.0,1,1,17.3,1.0
453,0.0,0.0,0.0034276795930003575,1.0,7.0,20.0,4.0,9.0,0.0,5300000.0,1,1,32.0,1.0
454,0.0,0.0,0.003424318720999923,5.0,NaN,18.3,6.0,NaN,1.0,5377566.0,1,NaN,18.3,1.0
455,0.0,1.0,0.003424318720999923,5.0,NaN,10.0,6.0,5.0,1.0,5377566.0,1,NaN,18.3,1.0
456,0.0,1.0,0.0034749054169998816,2.0,NaN,23.7,5.0,6.0,0.0,5496232.0,1,1,23.7,1.0
457,1.0,0.0,0.005539907825000261,1.0,9.6,20.0,10.0,1.0,0.0,5550000.0,1,NaN,37.4,1.0
458,1.0,1.0,0.009283241028999375,3.0,6.0,16.0,NaN,5.0,0.0,5900000.0,1,1,30.0,0.0
459,0.0,0.0,0.009162976656999566,1.0,10.0,20.0,13.0,12.0,0.0,6000000.0,1,NaN,35.0,1.0
460,1.0,1.0,0.003615283701000061,12.0,9.6,20.1,10.0,12.0,0.0,6000000.0,1,1,35.1,0.0
461,1.0,1.0,0.003955642860999678,2.0,8.0,21.0,12.0,5.0,0.0,6100000.0,1,1,34.0,1.0
462,1.0,0.0,0.003615283701000061,12.0,10.0,20.0,10.0,12.0,0.0,6100000.0,1,1,36.0,1.0
463,0.0,0.0,0.003424318720999923,4.0,NaN,25.5,6.0,NaN,1.0,6258687.0,1,NaN,25.5,1.0
464,0.0,1.0,0.003424318720999923,4.0,NaN,15.0,6.0,4.0,1.0,6258687.0,1,NaN,25.5,1.0
465,0.0,1.0,0.003424318720999923,3.0,29.5,NaN,5.0,4.0,1.0,6325576.0,1,NaN,29.5,1.0
466,0.0,1.0,0.003424318720999923,3.0,NaN,17.0,6.0,4.0,1.0,6325576.0,1,NaN,30.0,1.0
467,0.0,1.0,0.003464304040000207,3.0,NaN,29.5,5.0,6.0,0.0,6325576.0,1,1,29.5,1.0
468,1.0,0.0,0.0100053463119993,2.0,10.0,18.0,10.0,12.0,0.0,6400000.0,1,1,34.0,1.0
469,0.0,0.0,0.003424318720999923,3.0,NaN,33.4,6.0,NaN,1.0,6437035.0,1,NaN,33.4,1.0
470,0.0,1.0,0.003424318720999923,3.0,NaN,18.0,6.0,4.0,1.0,6437035.0,1,NaN,33.5,1.0
471,0.0,1.0,0.003424318720999923,4.0,NaN,16.0,6.0,4.0,1.0,6449418.0,1,NaN,28.5,1.0
472,1.0,1.0,0.004265930408000018,5.0,5.6,18.6,10.0,5.0,0.0,6500000.0,1,1,30.7,1.0
473,0.0,1.0,0.009361539434000329,2.0,6.0,20.5,11.0,5.0,0.0,6500000.0,1,1,36.8,1.0
474,1.0,1.0,0.003829077784999889,5.0,5.6,20.2,5.0,9.0,0.0,6600000.0,1,NaN,33.1,1.0
475,1.0,1.0,0.003829077784999889,5.0,6.0,18.0,5.0,9.0,0.0,6600000.0,2,NaN,33.1,1.0
476,1.0,1.0,0.002734838460999839,5.0,15.0,95.0,5.0,14.0,0.0,80000000.0,4,1,139.0,1.0
477,1.0,1.0,0.0014548719889997965,3.0,18.0,94.0,8.0,7.0,0.0,111272734.0,4,NaN,179.6,1.0
478,0.0,0.0,0.0003323997219999231,3.0,20.0,65.0,5.0,6.0,0.0,42390855.0,3,1,117.0,1.0
479,0.0,1.0,0.003424318720999923,2.0,NaN,10.0,6.0,5.0,1.0,4814581.0,1,NaN,17.3,1.0
480,0.0,1.0,0.0034749054169998816,2.0,NaN,17.3,5.0,6.0,0.0,4814581.0,1,1,17.3,1.0
481,0.0,0.0,0.0034276795930003575,1.0,7.0,20.0,4.0,9.0,0.0,5300000.0,1,1,32.0,1.0
482,0.0,0.0,0.003424318720999923,5.0,NaN,18.3,6.0,NaN,1.0,5377566.0,1,NaN,18.3,1.0
483,0.0,1.0,0.003424318720999923,5.0,NaN,10.0,6.0,5.0,1.0,5377566.0,1,NaN,18.3,1.0
484,0.0,1.0,0.0034749054169998816,2.0,NaN,23.7,5.0,6.0,0.0,5496232.0,1,1,23.7,1.0
485,1.0,0.0,0.005539907825000261,1.0,9.6,20.0,10.0,1.0,0.0,5550000.0,1,NaN,37.4,1.0
486,1.0,1.0,0.009283241028999375,3.0,6.0,16.0,NaN,5.0,0.0,5900000.0,1,1,30.0,0.0
487,0.0,0.0,0.009162976656999566,1.0,10.0,20.0,13.0,12.0,0.0,6000000.0,1,NaN,35.0,1.0
488,1.0,1.0,0.003615283701000061,12.0,9.6,20.1,10.0,12.0,0.0,6000000.0,1,1,35.1,0.0
489,1.0,1.0,0.003955642860999678,2.0,8.0,21.0,12.0,5.0,0.0,6100000.0,1,1,34.0,1.0
490,1.0,0.0,0.003615283701000061,12.0,10.0,20.0,10.0,12.0,0.0,6100000.0,1,1,36.0,1.0
491,0.0,0.0,0.003424318720999923,4.0,NaN,25.5,6.0,NaN,1.0,6258687.0,1,NaN,25.5,1.0
492,0.0,1.0,0.003424318720999923,4.0,NaN,15.0,6.0,4.0,1.0,6258687.0,1,NaN,25.5,1.0
493,0.0,1.0,0.003424318720999923,3.0,29.5,NaN,5.0,4.0,1.0,6325576.0,1,NaN,29.5,1.0
494,0.0,1.0,0.003424318720999923,3.0,NaN,17.0,6.0,4.0,1.0,6325576.0,1,NaN,30.0,1.0
495,0.0,1.0,0.003464304040000207,3.0,NaN,29.5,5.0,6.0,0.0,6325576.0,1,1,29.5,1.0
496,1.0,0.0,0.0100053463119993,2.0,10.0,18.0,10.0,12.0,0.0,6400000.0,1,1,34.0,1.0
497,0.0,0.0,0.003424318720999923,3.0,NaN,33.4,6.0,NaN,1.0,6437035.0,1,NaN,33.4,1.0
498,0.0,1.0,0.003424318720999923,3.0,NaN,18.0,6.0,4.0,1.0,6437035.0,1,NaN,33.5,1.0
499,0.0,1.0,0.003424318720999923,4.0,NaN,16.0,6.0,4.0,1.0,6449418.0,1,NaN,28.5,1.0
500,1.0,1.0,0.004265930408000018,5.0,5.6,18.6,10.0,5.0,0.0,6500000.0,1,1,30.7,1.0
501,0.0,1.0,0.009361539434000329,2.0,6.0,20.5,11.0,5.0,0.0,6500000.0,1,1,36.8,1.0
502,1.0,1.0,0.003829077784999889,5.0,5.6,20.2,5.0,9.0,0.0,6600000.0,1,NaN,33.1,1.0
503,1.0,1.0,0.003829077784999889,5.0,6.0,18.0,5.0,9.0,0.0,6600000.0,2,NaN,33.1,1.0
504,0.0,1.0,0.004424929692999672,3.0,7.7,50.8,13.0,5.0,0.0,15500000.0,4,1,70.4,1.0
505,0.0,1.0,0.006296856524999762,47.0,NaN,40.0,2.0,75.0,1.0,46919894.0,2,NaN,81.4,1.0
506,1.0,1.0,0.001445294201000084,4.0,31.0,121.0,5.0,7.0,0.0,107700000.0,4,1,182.0,1.0
507,0.0,1.0,0.003424318720999923,2.0,NaN,10.0,6.0,5.0,1.0,4814581.0,1,NaN,17.3,1.0
508,0.0,1.0,0.0034749054169998816,2.0,NaN,17.3,5.0,6.0,0.0,4814581.0,1,1,17.3,1.0
509,0.0,0.0,0.0034276795930003575,1.0,7.0,20.0,4.0,9.0,0.0,5300000.0,1,1,32.0,1.0
510,0.0,0.0,0.003424318720999923,5.0,NaN,18.3,6.0,NaN,1.0,5377566.0,1,NaN,18.3,1.0
511,0.0,1.0,0.003424318720999923,5.0,NaN,10.0,6.0,5.0,1.0,5377566.0,1,NaN,18.3,1.0
512,0.0,1.0,0.0034749054169998816,2.0,NaN,23.7,5.0,6.0,0.0,5496232.0,1,1,23.7,1.0
513,1.0,0.0,0.005539907825000261,1.0,9.6,20.0,10.0,1.0,0.0,5550000.0,1,NaN,37.4,1.0
514,1.0,1.0,0.009283241028999375,3.0,6.0,16.0,NaN,5.0,0.0,5900000.0,1,1,30.0,0.0
515,0.0,0.0,0.009162976656999566,1.0,10.0,20.0,13.0,12.0,0.0,6000000.0,1,NaN,35.0,1.0
516,1.0,1.0,0.003615283701000061,12.0,9.6,20.1,10.0,12.0,0.0,6000000.0,1,1,35.1,0.0
517,1.0,1.0,0.003955642860999678,2.0,8.0,21.0,12.0,5.0,0.0,6100000.0,1,1,34.0,1.0
518,1.0,0.0,0.003615283701000061,12.0,10.0,20.0,10.0,12.0,0.0,6100000.0,1,1,36.0,1.0
519,0.0,0.0,0.003424318720999923,4.0,NaN,25.5,6.0,NaN,1.0,6258687.0,1,NaN,25.5,1.0
520,0.0,1.0,0.003424318720999923,4.0,NaN,15.0,6.0,4.0,1.0,6258687.0,1,NaN,25.5,1.0
521,0.0,1.0,0.003424318720999923,3.0,29.5,NaN,5.0,4.0,1.0,6325576.0,1,NaN,29.5,1.0
522,0.0,1.0,0.003424318720999923,3.0,NaN,17.0,6.0,4.0,1.0,6325576.0,1,NaN,30.0,1.0
523,0.0,1.0,0.003464304040000207,3.0,NaN,29.5,5.0,6.0,0.0,6325576.0,1,1,29.5,1.0
524,1.0,0.0,0.0100053463119993,2.0,10.0,18.0,10.0,12.0,0.0,6400000.0,1,1,34.0,1.0
525,0.0,0.0,0.003424318720999923,3.0,NaN,33.4,6.0,NaN,1.0,6437035.0,1,NaN,33.4,1.0
526,0.0,1.0,0.003424318720999923,3.0,NaN,18.0,6.0,4.0,1.0,6437035.0,1,NaN,33.5,1.0
527,0.0,1.0,0.003424318720999923,4.0,NaN,16.0,6.0,4.0,1.0,6449418.0,1,NaN,28.5,1.0
528,1.0,1.0,0.004265930408000018,5.0,5.6,18.6,10.0,5.0,0.0,6500000.0,1,1,30.7,1.0
529,0.0,1.0,0.009361539434000329,2.0,6.0,20.5,11.0,5.0,0.0,6500000.0,1,1,36.8,1.0
530,1.0,1.0,0.003829077784999889,5.0,5.6,20.2,5.0,9.0,0.0,6600000.0,1,NaN,33.1,1.0
531,1.0,1.0,0.003829077784999889,5.0,6.0,18.0,5.0,9.0,0.0,6600000.0,2,NaN,33.1,1.0
532,1.0,1.0,0.0006898218819998441,10.0,35.0,54.0,8.0,10.0,0.0,44500000.0,4,1,122.0,1.0
533,0.0,0.0,0.0007904023009999979,1.0,NaN,NaN,10.0,9.0,0.0,782600400.0,,NaN,404.6,1.0
534,1.0,1.0,0.005164305588999477,4.0,10.0,55.3,15.0,18.0,0.0,24000000.0,2,NaN,72.0,1.0
535,0.0,1.0,0.003424318720999923,2.0,NaN,10.0,6.0,5.0,1.0,4814581.0,1,NaN,17.3,1.0
536,0.0,1.0,0.0034749054169998816,2.0,NaN,17.3,5.0,6.0,0.0,4814581.0,1,1,17.3,1.0
537,0.0,0.0,0.0034276795930003575,1.0,7.0,20.0,4.0,9.0,0.0,5300000.0,1,1,32.0,1.0
538,0.0,0.0,0.003424318720999923,5.0,NaN,18.3,6.0,NaN,1.0,5377566.0,1,NaN,18.3,1.0
539,0.0,1.0,0.003424318720999923,5.0,NaN,10.0,6.0,5.0,1.0,5377566.0,1,NaN,18.3,1.0
540,0.0,1.0,0.0034749054169998816,2.0,NaN,23.7,5.0,6.0,0.0,5496232.0,1,1,23.7,1.0
541,1.0,0.0,0.005539907825000261,1.0,9.6,20.0,10.0,1.0,0.0,5550000.0,1,NaN,37.4,1.0
542,1.0,1.0,0.009283241028999375,3.0,6.0,16.0,NaN,5.0,0.0,5900000.0,1,1,30.0,0.0
543,0.0,0.0,0.009162976656999566,1.0,10.0,20.0,13.0,12.0,0.0,6000000.0,1,NaN,35.0,1.0
544,1.0,1.0,0.003615283701000061,12.0,9.6,20.1,10.0,12.0,0.0,6000000.0,1,1,35.1,0.0
545,1.0,1.0,0.003955642860999678,2.0,8.0,21.0,12.0,5.0,0.0,6100000.0,1,1,34.0,1.0
546,1.0,0.0,0.003615283701000061,12.0,10.0,20.0,10.0,12.0,0.0,6100000.0,1,1,36.0,1.0
547,0.0,0.0,0.003424318720999923,4.0,NaN,25.5,6.0,NaN,1.0,6258687.0,1,NaN,25.5,1.0
548,0.0,1.0,0.003424318720999923,4.0,NaN,15.0,6.0,4.0,1.0,6258687.0,1,NaN,25.5,1.0
549,0.0,1.0,0.003424318720999923,3.0,29.5,NaN,5.0,4.0,1.0,6325576.0,1,NaN,29.5,1.0
550,0.0,1.0,0.003424318720999923,3.0,NaN,17.0,6.0,4.0,1.0,6325576.0,1,NaN,30.0,1.0
551,0.0,1.0,0.003464304040000207,3.0,NaN,29.5,5.0,6.0,0.0,6325576.0,1,1,29.5,1.0
552,1.0,0.0,0.0100053463119993,2.0,10.0,18.0,10.0,12.0,0.0,6400000.0,1,1,34.0,1.0
553,0.0,0.0,0.003424318720999923,3.0,NaN,33.4,6.0,NaN,1.0,6437035.0,1,NaN,33.4,1.0
554,0.0,1.0,0.003424318720999923,3.0,NaN,18.0,6.0,4.0,1.0,6437035.0,1,NaN,33.5,1.0
555,0.0,1.0,0.003424318720999923,4.0,NaN,16.0,6.0,4.0,1.0,6449418.0,1,NaN,28.5,1.0
556,1.0,1.0,0.004265930408000018,5.0,5.6,18.6,10.0,5.0,0.0,6500000.0,1,1,30.7,1.0
557,0.0,1.0,0.009361539434000329,2.0,6.0,20.5,11.0,5.0,0.0,6500000.0,1,1,36.8,1.0
558,1.0,1.0,0.003829077784999889,5.0,5.6,20.2,5.0,9.0,0.0,6600000.0,1,NaN,33.1,1.0
559,1.0,1.0,0.003829077784999889,5.0,6.0,18.0,5.0,9.0,0.0,6600000.0,2,NaN,33.1,1.0
560,1.0,1.0,0.0007927384899998775,8.0,NaN,NaN,5.0,13.0,1.0,20732000.0,1,NaN,56.8,1.0
561,0.0,1.0,0.0008770346320000964,5.0,NaN,48.0,6.0,11.0,1.0,89659919.0,2,NaN,98.2,1.0
562,0.0,0.0,0.003424318720999923,1.0,NaN,15.9,6.0,NaN,1.0,4116245.0,1,NaN,15.9,1.0
563,0.0,1.0,0.003424318720999923,2.0,NaN,10.0,6.0,5.0,1.0,4814581.0,1,NaN,17.3,1.0
564,0.0,1.0,0.0034749054169998816,2.0,NaN,17.3,5.0,6.0,0.0,4814581.0,1,1,17.3,1.0
565,0.0,0.0,0.0034276795930003575,1.0,7.0,20.0,4.0,9.0,0.0,5300000.0,1,1,32.0,1.0
566,0.0,0.0,0.003424318720999923,5.0,NaN,18.3,6.0,NaN,1.0,5377566.0,1,NaN,18.3,1.0
567,0.0,1.0,0.003424318720999923,5.0,NaN,10.0,6.0,5.0,1.0,5377566.0,1,NaN,18.3,1.0
568,0.0,1.0,0.0034749054169998816,2.0,NaN,23.7,5.0,6.0,0.0,5496232.0,1,1,23.7,1.0
569,1.0,0.0,0.005539907825000261,1.0,9.6,20.0,10.0,1.0,0.0,5550000.0,1,NaN,37.4,1.0
570,1.0,1.0,0.009283241028999375,3.0,6.0,16.0,NaN,5.0,0.0,5900000.0,1,1,30.0,0.0
571,0.0,0.0,0.009162976656999566,1.0,10.0,20.0,13.0,12.0,0.0,6000000.0,1,NaN,35.0,1.0
572,1.0,1.0,0.003615283701000061,12.0,9.6,20.1,10.0,12.0,0.0,6000000.0,1,1,35.1,0.0
573,1.0,1.0,0.003955642860999678,2.0,8.0,21.0,12.0,5.0,0.0,6100000.0,1,1,34.0,1.0
574,1.0,0.0,0.003615283701000061,12.0,10.0,20.0,10.0,12.0,0.0,6100000.0,1,1,36.0,1.0
575,0.0,0.0,0.003424318720999923,4.0,NaN,25.5,6.0,NaN,1.0,6258687.0,1,NaN,25.5,1.0
576,0.0,1.0,0.003424318720999923,4.0,NaN,15.0,6.0,4.0,1.0,6258687.0,1,NaN,25.5,1.0
577,0.0,1.0,0.003424318720999923,3.0,29.5,NaN,5.0,4.0,1.0,6325576.0,1,NaN,29.5,1.0
578,0.0,1.0,0.003424318720999923,3.0,NaN,17.0,6.0,4.0,1.0,6325576.0,1,NaN,30.0,1.0
579,0.0,1.0,0.003464304040000207,3.0,NaN,29.5,5.0,6.0,0.0,6325576.0,1,1,29.5,1.0
580,1.0,0.0,0.0100053463119993,2.0,10.0,18.0,10.0,12.0,0.0,6400000.0,1,1,34.0,1.0
581,0.0,0.0,0.003424318720999923,3.0,NaN,33.4,6.0,NaN,1.0,6437035.0,1,NaN,33.4,1.0
582,0.0,1.0,0.003424318720999923,3.0,NaN,18.0,6.0,4.0,1.0,6437035.0,1,NaN,33.5,1.0
583,0.0,1.0,0.003424318720999923,4.0,NaN,16.0,6.0,4.0,1.0,6449418.0,1,NaN,28.5,1.0
584,1.0,1.0,0.004265930408000018,5.0,5.6,18.6,10.0,5.0,0.0,6500000.0,1,1,30.7,1.0
585,0.0,1.0,0.009361539434000329,2.0,6.0,20.5,11.0,5.0,0.0,6500000.0,1,1,36.8,1.0
586,1.0,1.0,0.003829077784999889,5.0,5.6,20.2,5.0,9.0,0.0,6600000.0,1,NaN,33.1,1.0
587,1.0,1.0,0.003829077784999889,5.0,6.0,18.0,5.0,9.0,0.0,6600000.0,2,NaN,33.1,1.0
588,1.0,1.0,0.0007253660559999177,6.0,20.0,50.0,12.0,8.0,1.0,27786800.0,2,NaN,78.5,1.0
589,0.0,0.0,0.00032394054599998274,5.0,10.0,112.0,8.0,6.0,0.0,117390060.0,4,1,160.0,1.0
590,1.0,0.0,0.0003323997219999231,3.0,15.0,81.0,6.0,5.0,0.0,43191533.0,3,NaN,117.0,1.0
591,0.0,1.0,0.003424318720999923,2.0,NaN,10.0,6.0,5.0,1.0,4814581.0,1,NaN,17.3,1.0
592,0.0,1.0,0.0034749054169998816,2.0,NaN,17.3,5.0,6.0,0.0,4814581.0,1,1,17.3,1.0
593,0.0,0.0,0.0034276795930003575,1.0,7.0,20.0,4.0,9.0,0.0,5300000.0,1,1,32.0,1.0
594,0.0,0.0,0.003424318720999923,5.0,NaN,18.3,6.0,NaN,1.0,5377566.0,1,NaN,18.3,1.0
595,0.0,1.0,0.003424318720999923,5.0,NaN,10.0,6.0,5.0,1.0,5377566.0,1,NaN,18.3,1.0
596,0.0,1.0,0.0034749054169998816,2.0,NaN,23.7,5.0,6.0,0.0,5496232.0,1,1,23.7,1.0
597,1.0,0.0,0.005539907825000261,1.0,9.6,20.0,10.0,1.0,0.0,5550000.0,1,NaN,37.4,1.0
598,1.0,1.0,0.009283241028999375,3.0,6.0,16.0,NaN,5.0,0.0,5900000.0,1,1,30.0,0.0
599,0.0,0.0,0.009162976656999566,1.0,10.0,20.0,13.0,12.0,0.0,6000000.0,1,NaN,35.0,1.0
600,1.0,1.0,0.003615283701000061,12.0,9.6,20.1,10.0,12.0,0.0,6000000.0,1,1,35.1,0.0
601,1.0,1.0,0.003955642860999678,2.0,8.0,21.0,12.0,5.0,0.0,6100000.0,1,1,34.0,1.0
602,1.0,0.0,0.003615283701000061,12.0,10.0,20.0,10.0,12.0,0.0,6100000.0,1,1,36.0,1.0
603,0.0,0.0,0.003424318720999923,4.0,NaN,25.5,6.0,NaN,1.0,6258687.0,1,NaN,25.5,1.0
604,0.0,1.0,0.003424318720999923,4.0,NaN,15.0,6.0,4.0,1.0,6258687.0,1,NaN,25.5,1.0
605,0.0,1.0,0.003424318720999923,3.0,29.5,NaN,5.0,4.0,1.0,6325576.0,1,NaN,29.5,1.0
606,0.0,1.0,0.003424318720999923,3.0,NaN,17.0,6.0,4.0,1.0,6325576.0,1,NaN,30.0,1.0
607,0.0,1.0,0.003464304040000207,3.0,NaN,29.5,5.0,6.0,0.0,6325576.0,1,1,29.5,1.0
608,1.0,0.0,0.0100053463119993,2.0,10.0,18.0,10.0,12.0,0.0,6400000.0,1,1,34.0,1.0
609,0.0,0.0,0.003424318720999923,3.0,NaN,33.4,6.0,NaN,1.0,6437035.0,1,NaN,33.4,1.0
610,0.0,1.0,0.003424318720999923,3.0,NaN,18.0,6.0,4.0,1.0,6437035.0,1,NaN,33.5,1.0
611,0.0,1.0,0.003424318720999923,4.0,NaN,16.0,6.0,4.0,1.0,6449418.0,1,NaN,28.5,1.0
612,1.0,1.0,0.004265930408000018,5.0,5.6,18.6,10.0,5.0,0.0,6500000.0,1,1,30.7,1.0
613,0.0,1.0,0.009361539434000329,2.0,6.0,20.5,11.0,5.0,0.0,6500000.0,1,1,36.8,1.0
614,1.0,1.0,0.003829077784999889,5.0,5.6,20.2,5.0,9.0,0.0,6600000.0,1,NaN,33.1,1.0
615,1.0,1.0,0.003829077784999889,5.0,6.0,18.0,5.0,9.0,0.0,6600000.0,2,NaN,33.1,1.0
616,1.0,1.0,0.002407416361999864,5.0,15.0,75.0,3.0,12.0,0.0,176085090.0,3,1,122.0,1.0
617,0.0,1.0,0.0016226213530000414,3.0,11.0,75.0,5.0,13.0,0.0,120000000.0,3,1,122.0,1.0
618,1.0,1.0,0.000326498525000038,3.0,7.0,30.0,3.0,8.0,0.0,15400000.0,2,NaN,46.0,1.0
619,0.0,1.0,0.003424318720999923,2.0,NaN,10.0,6.0,5.0,1.0,4814581.0,1,NaN,17.3,1.0
620,0.0,1.0,0.0034749054169998816,2.0,NaN,17.3,5.0,6.0,0.0,4814581.0,1,1,17.3,1.0
621,0.0,0.0,0.0034276795930003575,1.0,7.0,20.0,4.0,9.0,0.0,5300000.0,1,1,32.0,1.0
622,0.0,0.0,0.003424318720999923,5.0,NaN,18.3,6.0,NaN,1.0,5377566.0,1,NaN,18.3,1.0
623,0.0,1.0,0.003424318720999923,5.0,NaN,10.0,6.0,5.0,1.0,5377566.0,1,NaN,18.3,1.0
624,0.0,1.0,0.0034749054169998816,2.0,NaN,23.7,5.0,6.0,0.0,5496232.0,1,1,23.7,1.0
625,1.0,0.0,0.005539907825000261,1.0,9.6,20.0,10.0,1.0,0.0,5550000.0,1,NaN,37.4,1.0
626,1.0,1.0,0.009283241028999375,3.0,6.0,16.0,NaN,5.0,0.0,5900000.0,1,1,30.0,0.0
627,0.0,0.0,0.009162976656999566,1.0,10.0,20.0,13.0,12.0,0.0,6000000.0,1,NaN,35.0,1.0
628,1.0,1.0,0.003615283701000061,12.0,9.6,20.1,10.0,12.0,0.0,6000000.0,1,1,35.1,0.0
629,1.0,1.0,0.003955642860999678,2.0,8.0,21.0,12.0,5.0,0.0,6100000.0,1,1,34.0,1.0
630,1.0,0.0,0.003615283701000061,12.0,10.0,20.0,10.0,12.0,0.0,6100000.0,1,1,36.0,1.0
631,0.0,0.0,0.003424318720999923,4.0,NaN,25.5,6.0,NaN,1.0,6258687.0,1,NaN,25.5,1.0
632,0.0,1.0,0.003424318720999923,4.0,NaN,15.0,6.0,4.0,1.0,6258687.0,1,NaN,25.5,1.0
633,0.0,1.0,0.003424318720999923,3.0,29.5,NaN,5.0,4.0,1.0,6325576.0,1,NaN,29.5,1.0
634,0.0,1.0,0.003424318720999923,3.0,NaN,17.0,6.0,4.0,1.0,6325576.0,1,NaN,30.0,1.0
635,0.0,1.0,0.003464304040000207,3.0,NaN,29.5,5.0,6.0,0.0,6325576.0,1,1,29.5,1.0
636,1.0,0.0,0.0100053463119993,2.0,10.0,18.0,10.0,12.0,0.0,6400000.0,1,1,34.0,1.0
637,0.0,0.0,0.003424318720999923,3.0,NaN,33.4,6.0,NaN,1.0,6437035.0,1,NaN,33.4,1.0
638,0.0,1.0,0.003424318720999923,3.0,NaN,18.0,6.0,4.0,1.0,6437035.0,1,NaN,33.5,1.0
639,0.0,1.0,0.003424318720999923,4.0,NaN,16.0,6.0,4.0,1.0,6449418.0,1,NaN,28.5,1.0
640,1.0,1.0,0.004265930408000018,5.0,5.6,18.6,10.0,5.0,0.0,6500000.0,1,1,30.7,1.0
641,0.0,1.0,0.009361539434000329,2.0,6.0,20.5,11.0,5.0,0.0,6500000.0,1,1,36.8,1.0
642,1.0,1.0,0.003829077784999889,5.0,5.6,20.2,5.0,9.0,0.0,6600000.0,1,NaN,33.1,1.0
643,1.0,1.0,0.003829077784999889,5.0,6.0,18.0,5.0,9.0,0.0,6600000.0,2,NaN,33.1,1.0
644,1.0,1.0,0.0007253660559999177,6.0,20.0,50.0,12.0,8.0,1.0,27786800.0,2,NaN,78.5,1.0
645,0.0,1.0,0.0012437180090002268,12.0,NaN,100.0,9.0,12.0,0.0,160000000.0,3,1,172.6,1.0
646,1.0,1.0,0.00030440074400000974,5.0,NaN,150.0,4.0,6.0,0.0,143476740.0,5,1,231.0,1.0
647,0.0,1.0,0.003424318720999923,2.0,NaN,10.0,6.0,5.0,1.0,4814581.0,1,NaN,17.3,1.0
648,0.0,1.0,0.0034749054169998816,2.0,NaN,17.3,5.0,6.0,0.0,4814581.0,1,1,17.3,1.0
649,0.0,0.0,0.0034276795930003575,1.0,7.0,20.0,4.0,9.0,0.0,5300000.0,1,1,32.0,1.0
650,0.0,0.0,0.003424318720999923,5.0,NaN,18.3,6.0,NaN,1.0,5377566.0,1,NaN,18.3,1.0
651,0.0,1.0,0.003424318720999923,5.0,NaN,10.0,6.0,5.0,1.0,5377566.0,1,NaN,18.3,1.0
652,0.0,1.0,0.0034749054169998816,2.0,NaN,23.7,5.0,6.0,0.0,5496232.0,1,1,23.7,1.0
653,1.0,0.0,0.005539907825000261,1.0,9.6,20.0,10.0,1.0,0.0,5550000.0,1,NaN,37.4,1.0
654,1.0,1.0,0.009283241028999375,3.0,6.0,16.0,NaN,5.0,0.0,5900000.0,1,1,30.0,0.0
655,0.0,0.0,0.009162976656999566,1.0,10.0,20.0,13.0,12.0,0.0,6000000.0,1,NaN,35.0,1.0
656,1.0,1.0,0.003615283701000061,12.0,9.6,20.1,10.0,12.0,0.0,6000000.0,1,1,35.1,0.0
657,1.0,1.0,0.003955642860999678,2.0,8.0,21.0,12.0,5.0,0.0,6100000.0,1,1,34.0,1.0
658,1.0,0.0,0.003615283701000061,12.0,10.0,20.0,10.0,12.0,0.0,6100000.0,1,1,36.0,1.0
659,0.0,0.0,0.003424318720999923,4.0,NaN,25.5,6.0,NaN,1.0,6258687.0,1,NaN,25.5,1.0
660,0.0,1.0,0.003424318720999923,4.0,NaN,15.0,6.0,4.0,1.0,6258687.0,1,NaN,25.5,1.0
661,0.0,1.0,0.003424318720999923,3.0,29.5,NaN,5.0,4.0,1.0,6325576.0,1,NaN,29.5,1.0
662,0.0,1.0,0.003424318720999923,3.0,NaN,17.0,6.0,4.0,1.0,6325576.0,1,NaN,30.0,1.0
663,0.0,1.0,0.003464304040000207,3.0,NaN,29.5,5.0,6.0,0.0,6325576.0,1,1,29.5,1.0
664,1.0,0.0,0.0100053463119993,2.0,10.0,18.0,10.0,12.0,0.0,6400000.0,1,1,34.0,1.0
665,0.0,0.0,0.003424318720999923,3.0,NaN,33.4,6.0,NaN,1.0,6437035.0,1,NaN,33.4,1.0
666,0.0,1.0,0.003424318720999923,3.0,NaN,18.0,6.0,4.0,1.0,6437035.0,1,NaN,33.5,1.0
667,0.0,1.0,0.003424318720999923,4.0,NaN,16.0,6.0,4.0,1.0,6449418.0,1,NaN,28.5,1.0
668,1.0,1.0,0.004265930408000018,5.0,5.6,18.6,10.0,5.0,0.0,6500000.0,1,1,30.7,1.0
669,0.0,1.0,0.009361539434000329,2.0,6.0,20.5,11.0,5.0,0.0,6500000.0,1,1,36.8,1.0
670,1.0,1.0,0.003829077784999889,5.0,5.6,20.2,5.0,9.0,0.0,6600000.0,1,NaN,33.1,1.0
671,1.0,1.0,0.003829077784999889,5.0,6.0,18.0,5.0,9.0,0.0,6600000.0,2,NaN,33.1,1.0
672,0.0,0.0,0.0008312194809999658,5.0,12.0,98.0,6.0,6.0,0.0,56500000.0,5,1,152.0,1.0
673,0.0,1.0,0.0023370729170001433,3.0,NaN,NaN,6.0,5.0,0.0,247823460.0,5,1,200.6,1.0
674,1.0,1.0,0.0034066429839997004,2.0,10.5,52.0,4.0,18.0,0.0,19900000.0,3,1,74.0,1.0
675,0.0,1.0,0.003424318720999923,2.0,NaN,10.0,6.0,5.0,1.0,4814581.0,1,NaN,17.3,1.0
676,0.0,1.0,0.0034749054169998816,2.0,NaN,17.3,5.0,6.0,0.0,4814581.0,1,1,17.3,1.0
677,0.0,0.0,0.0034276795930003575,1.0,7.0,20.0,4.0,9.0,0.0,5300000.0,1,1,32.0,1.0
678,0.0,0.0,0.003424318720999923,5.0,NaN,18.3,6.0,NaN,1.0,5377566.0,1,NaN,18.3,1.0
679,0.0,1.0,0.003424318720999923,5.0,NaN,10.0,6.0,5.0,1.0,5377566.0,1,NaN,18.3,1.0
680,0.0,1.0,0.0034749054169998816,2.0,NaN,23.7,5.0,6.0,0.0,5496232.0,1,1,23.7,1.0
681,1.0,0.0,0.005539907825000261,1.0,9.6,20.0,10.0,1.0,0.0,5550000.0,1,NaN,37.4,1.0
682,1.0,1.0,0.009283241028999375,3.0,6.0,16.0,NaN,5.0,0.0,5900000.0,1,1,30.0,0.0
683,0.0,0.0,0.009162976656999566,1.0,10.0,20.0,13.0,12.0,0.0,6000000.0,1,NaN,35.0,1.0
684,1.0,1.0,0.003615283701000061,12.0,9.6,20.1,10.0,12.0,0.0,6000000.0,1,1,35.1,0.0
685,1.0,1.0,0.003955642860999678,2.0,8.0,21.0,12.0,5.0,0.0,6100000.0,1,1,34.0,1.0
686,1.0,0.0,0.003615283701000061,12.0,10.0,20.0,10.0,12.0,0.0,6100000.0,1,1,36.0,1.0
687,0.0,0.0,0.003424318720999923,4.0,NaN,25.5,6.0,NaN,1.0,6258687.0,1,NaN,25.5,1.0
688,0.0,1.0,0.003424318720999923,4.0,NaN,15.0,6.0,4.0,1.0,6258687.0,1,NaN,25.5,1.0
689,0.0,1.0,0.003424318720999923,3.0,29.5,NaN,5.0,4.0,1.0,6325576.0,1,NaN,29.5,1.0
690,0.0,1.0,0.003424318720999923,3.0,NaN,17.0,6.0,4.0,1.0,6325576.0,1,NaN,30.0,1.0
691,0.0,1.0,0.003464304040000207,3.0,NaN,29.5,5.0,6.0,0.0,6325576.0,1,1,29.5,1.0
692,1.0,0.0,0.0100053463119993,2.0,10.0,18.0,10.0,12.0,0.0,6400000.0,1,1,34.0,1.0
693,0.0,0.0,0.003424318720999923,3.0,NaN,33.4,6.0,NaN,1.0,6437035.0,1,NaN,33.4,1.0
694,0.0,1.0,0.003424318720999923,3.0,NaN,18.0,6.0,4.0,1.0,6437035.0,1,NaN,33.5,1.0
695,0.0,1.0,0.003424318720999923,4.0,NaN,16.0,6.0,4.0,1.0,6449418.0,1,NaN,28.5,1.0
696,1.0,1.0,0.004265930408000018,5.0,5.6,18.6,10.0,5.0,0.0,6500000.0,1,1,30.7,1.0
697,0.0,1.0,0.009361539434000329,2.0,6.0,20.5,11.0,5.0,0.0,6500000.0,1,1,36.8,1.0
698,1.0,1.0,0.003829077784999889,5.0,5.6,20.2,5.0,9.0,0.0,6600000.0,1,NaN,33.1,1.0
699,1.0,1.0,0.003829077784999889,5.0,6.0,18.0,5.0,9.0,0.0,6600000.0,2,NaN,33.1,1.0
700,1.0,1.0,0.003424318720999923,2.0,10.0,40.0,5.0,5.0,0.0,7990000.0,1,1,55.0,1.0
701,0.0,1.0,0.003424318720999923,4.0,NaN,NaN,9.0,6.0,1.0,7398640.0,1,NaN,24.7,1.0
702,1.0,1.0,0.0009251439209997852,9.0,13.3,101.7,5.0,10.0,0.0,64000000.0,4,1,150.0,1.0
703,0.0,1.0,0.003424318720999923,2.0,NaN,10.0,6.0,5.0,1.0,4814581.0,1,NaN,17.3,1.0
704,0.0,1.0,0.0034749054169998816,2.0,NaN,17.3,5.0,6.0,0.0,4814581.0,1,1,17.3,1.0
705,0.0,0.0,0.0034276795930003575,1.0,7.0,20.0,4.0,9.0,0.0,5300000.0,1,1,32.0,1.0
706,0.0,0.0,0.003424318720999923,5.0,NaN,18.3,6.0,NaN,1.0,5377566.0,1,NaN,18.3,1.0
707,0.0,1.0,0.003424318720999923,5.0,NaN,10.0,6.0,5.0,1.0,5377566.0,1,NaN,18.3,1.0
708,0.0,1.0,0.0034749054169998816,2.0,NaN,23.7,5.0,6.0,0.0,5496232.0,1,1,23.7,1.0
709,1.0,0.0,0.005539907825000261,1.0,9.6,20.0,10.0,1.0,0.0,5550000.0,1,NaN,37.4,1.0
710,1.0,1.0,0.009283241028999375,3.0,6.0,16.0,NaN,5.0,0.0,5900000.0,1,1,30.0,0.0
711,0.0,0.0,0.009162976656999566,1.0,10.0,20.0,13.0,12.0,0.0,6000000.0,1,NaN,35.0,1.0
712,1.0,1.0,0.003615283701000061,12.0,9.6,20.1,10.0,12.0,0.0,6000000.0,1,1,35.1,0.0
713,1.0,1.0,0.003955642860999678,2.0,8.0,21.0,12.0,5.0,0.0,6100000.0,1,1,34.0,1.0
714,1.0,0.0,0.003615283701000061,12.0,10.0,20.0,10.0,12.0,0.0,6100000.0,1,1,36.0,1.0
715,0.0,0.0,0.003424318720999923,4.0,NaN,25.5,6.0,NaN,1.0,6258687.0,1,NaN,25.5,1.0
716,0.0,1.0,0.003424318720999923,4.0,NaN,15.0,6.0,4.0,1.0,6258687.0,1,NaN,25.5,1.0
717,0.0,1.0,0.003424318720999923,3.0,29.5,NaN,5.0,4.0,1.0,6325576.0,1,NaN,29.5,1.0
718,0.0,1.0,0.003424318720999923,3.0,NaN,17.0,6.0,4.0,1.0,6325576.0,1,NaN,30.0,1.0
719,0.0,1.0,0.003464304040000207,3.0,NaN,29.5,5.0,6.0,0.0,6325576.0,1,1,29.5,1.0
720,1.0,0.0,0.0100053463119993,2.0,10.0,18.0,10.0,12.0,0.0,6400000.0,1,1,34.0,1.0
721,0.0,0.0,0.003424318720999923,3.0,NaN,33.4,6.0,NaN,1.0,6437035.0,1,NaN,33.4,1.0
722,0.0,1.0,0.003424318720999923,3.0,NaN,18.0,6.0,4.0,1.0,6437035.0,1,NaN,33.5,1.0
723,0.0,1.0,0.003424318720999923,4.0,NaN,16.0,6.0,4.0,1.0,6449418.0,1,NaN,28.5,1.0
724,1.0,1.0,0.004265930408000018,5.0,5.6,18.6,10.0,5.0,0.0,6500000.0,1,1,30.7,1.0
725,0.0,1.0,0.009361539434000329,2.0,6.0,20.5,11.0,5.0,0.0,6500000.0,1,1,36.8,1.0
726,1.0,1.0,0.003829077784999889,5.0,5.6,20.2,5.0,9.0,0.0,6600000.0,1,NaN,33.1,1.0
727,1.0,1.0,0.003829077784999889,5.0,6.0,18.0,5.0,9.0,0.0,6600000.0,2,NaN,33.1,1.0
728,1.0,0.0,0.0026338888999998485,4.0,13.4,110.0,13.0,6.0,0.0,35000000.0,5,NaN,155.0,1.0
729,0.0,0.0,0.0016745420740000975,3.0,8.2,44.8,2.0,11.0,0.0,37500000.0,2,NaN,64.5,1.0
730,0.0,1.0,0.0008770346320000964,2.0,NaN,30.0,6.0,11.0,1.0,35040933.0,1,NaN,59.7,1.0
731,0.0,1.0,0.003424318720999923,2.0,NaN,10.0,6.0,5.0,1.0,4814581.0,1,NaN,17.3,1.0
732,0.0,1.0,0.0034749054169998816,2.0,NaN,17.3,5.0,6.0,0.0,4814581.0,1,1,17.3,1.0
733,0.0,0.0,0.0034276795930003575,1.0,7.0,20.0,4.0,9.0,0.0,5300000.0,1,1,32.0,1.0
734,0.0,0.0,0.003424318720999923,5.0,NaN,18.3,6.0,NaN,1.0,5377566.0,1,NaN,18.3,1.0
735,0.0,1.0,0.003424318720999923,5.0,NaN,10.0,6.0,5.0,1.0,5377566.0,1,NaN,18.3,1.0
736,0.0,1.0,0.0034749054169998816,2.0,NaN,23.7,5.0,6.0,0.0,5496232.0,1,1,23.7,1.0
737,1.0,0.0,0.005539907825000261,1.0,9.6,20.0,10.0,1.0,0.0,5550000.0,1,NaN,37.4,1.0
738,1.0,1.0,0.009283241028999375,3.0,6.0,16.0,NaN,5.0,0.0,5900000.0,1,1,30.0,0.0
739,0.0,0.0,0.009162976656999566,1.0,10.0,20.0,13.0,12.0,0.0,6000000.0,1,NaN,35.0,1.0
740,1.0,1.0,0.003615283701000061,12.0,9.6,20.1,10.0,12.0,0.0,6000000.0,1,1,35.1,0.0
741,1.0,1.0,0.003955642860999678,2.0,8.0,21.0,12.0,5.0,0.0,6100000.0,1,1,34.0,1.0
742,1.0,0.0,0.003615283701000061,12.0,10.0,20.0,10.0,12.0,0.0,6100000.0,1,1,36.0,1.0
743,0.0,0.0,0.003424318720999923,4.0,NaN,25.5,6.0,NaN,1.0,6258687.0,1,NaN,25.5,1.0
744,0.0,1.0,0.003424318720999923,4.0,NaN,15.0,6.0,4.0,1.0,6258687.0,1,NaN,25.5,1.0
745,0.0,1.0,0.003424318720999923,3.0,29.5,NaN,5.0,4.0,1.0,6325576.0,1,NaN,29.5,1.0
746,0.0,1.0,0.003424318720999923,3.0,NaN,17.0,6.0,4.0,1.0,6325576.0,1,NaN,30.0,1.0
747,0.0,1.0,0.003464304040000207,3.0,NaN,29.5,5.0,6.0,0.0,6325576.0,1,1,29.5,1.0
748,1.0,0.0,0.0100053463119993,2.0,10.0,18.0,10.0,12.0,0.0,6400000.0,1,1,34.0,1.0
749,0.0,0.0,0.003424318720999923,3.0,NaN,33.4,6.0,NaN,1.0,6437035.0,1,NaN,33.4,1.0
750,0.0,1.0,0.003424318720999923,3.0,NaN,18.0,6.0,4.0,1.0,6437035.0,1,NaN,33.5,1.0
751,0.0,1.0,0.003424318720999923,4.0,NaN,16.0,6.0,4.0,1.0,6449418.0,1,NaN,28.5,1.0
752,1.0,1.0,0.004265930408000018,5.0,5.6,18.6,10.0,5.0,0.0,6500000.0,1,1,30.7,1.0
753,0.0,1.0,0.009361539434000329,2.0,6.0,20.5,11.0,5.0,0.0,6500000.0,1,1,36.8,1.0
754,1.0,1.0,0.003829077784999889,5.0,5.6,20.2,5.0,9.0,0.0,6600000.0,1,NaN,33.1,1.0
755,1.0,1.0,0.003829077784999889,5.0,6.0,18.0,5.0,9.0,0.0,6600000.0,2,NaN,33.1,1.0
756,1.0,1.0,0.002407416361999864,5.0,15.0,75.0,3.0,12.0,0.0,176085090.0,3,1,122.0,1.0
757,1.0,0.0,0.002407416361999864,3.0,20.0,69.0,4.0,12.0,0.0,107248863.0,3,NaN,127.0,1.0
758,0.0,1.0,0.0008401519299998913,5.0,NaN,NaN,6.0,10.0,0.0,170906390.0,4,1,151.0,1.0
759,0.0,1.0,0.003424318720999923,2.0,NaN,10.0,6.0,5.0,1.0,4814581.0,1,NaN,17.3,1.0
760,0.0,1.0,0.0034749054169998816,2.0,NaN,17.3,5.0,6.0,0.0,4814581.0,1,1,17.3,1.0
761,0.0,0.0,0.0034276795930003575,1.0,7.0,20.0,4.0,9.0,0.0,5300000.0,1,1,32.0,1.0
762,0.0,0.0,0.003424318720999923,5.0,NaN,18.3,6.0,NaN,1.0,5377566.0,1,NaN,18.3,1.0
763,0.0,1.0,0.003424318720999923,5.0,NaN,10.0,6.0,5.0,1.0,5377566.0,1,NaN,18.3,1.0
764,0.0,1.0,0.0034749054169998816,2.0,NaN,23.7,5.0,6.0,0.0,5496232.0,1,1,23.7,1.0
765,1.0,0.0,0.005539907825000261,1.0,9.6,20.0,10.0,1.0,0.0,5550000.0,1,NaN,37.4,1.0
766,1.0,1.0,0.009283241028999375,3.0,6.0,16.0,NaN,5.0,0.0,5900000.0,1,1,30.0,0.0
767,0.0,0.0,0.009162976656999566,1.0,10.0,20.0,13.0,12.0,0.0,6000000.0,1,NaN,35.0,1.0
768,1.0,1.0,0.003615283701000061,12.0,9.6,20.1,10.0,12.0,0.0,6000000.0,1,1,35.1,0.0
769,1.0,1.0,0.003955642860999678,2.0,8.0,21.0,12.0,5.0,0.0,6100000.0,1,1,34.0,1.0
770,1.0,0.0,0.003615283701000061,12.0,10.0,20.0,10.0,12.0,0.0,6100000.0,1,1,36.0,1.0
771,0.0,0.0,0.003424318720999923,4.0,NaN,25.5,6.0,NaN,1.0,6258687.0,1,NaN,25.5,1.0
772,0.0,1.0,0.003424318720999923,4.0,NaN,15.0,6.0,4.0,1.0,6258687.0,1,NaN,25.5,1.0
773,0.0,1.0,0.003424318720999923,3.0,29.5,NaN,5.0,4.0,1.0,6325576.0,1,NaN,29.5,1.0
774,0.0,1.0,0.003424318720999923,3.0,NaN,17.0,6.0,4.0,1.0,6325576.0,1,NaN,30.0,1.0
775,0.0,1.0,0.003464304040000207,3.0,NaN,29.5,5.0,6.0,0.0,6325576.0,1,1,29.5,1.0
776,1.0,0.0,0.0100053463119993,2.0,10.0,18.0,10.0,12.0,0.0,6400000.0,1,1,34.0,1.0
777,0.0,0.0,0.003424318720999923,3.0,NaN,33.4,6.0,NaN,1.0,6437035.0,1,NaN,33.4,1.0
778,0.0,1.0,0.003424318720999923,3.0,NaN,18.0,6.0,4.0,1.0,6437035.0,1,NaN,33.5,1.0
779,0.0,1.0,0.003424318720999923,4.0,NaN,16.0,6.0,4.0,1.0,6449418.0,1,NaN,28.5,1.0
780,1.0,1.0,0.004265930408000018,5.0,5.6,18.6,10.0,5.0,0.0,6500000.0,1,1,30.7,1.0
781,0.0,1.0,0.009361539434000329,2.0,6.0,20.5,11.0,5.0,0.0,6500000.0,1,1,36.8,1.0
782,1.0,1.0,0.003829077784999889,5.0,5.6,20.2,5.0,9.0,0.0,6600000.0,1,NaN,33.1,1.0
783,1.0,1.0,0.003829077784999889,5.0,6.0,18.0,5.0,9.0,0.0,6600000.0,2,NaN,33.1,1.0
784,1.0,1.0,0.0005555241049999797,8.0,18.0,50.0,5.0,8.0,0.0,19900000.0,3,1,70.0,0.0
785,0.0,1.0,0.0002647883450001071,1.0,15.0,125.4,5.0,6.0,1.0,61269000.0,3,NaN,200.7,1.0
786,0.0,0.0,0.0012437180090002268,10.0,NaN,NaN,9.0,14.0,0.0,93000000.0,4,NaN,153.6,1.0
787,0.0,1.0,0.003424318720999923,2.0,NaN,10.0,6.0,5.0,1.0,4814581.0,1,NaN,17.3,1.0
788,0.0,1.0,0.0034749054169998816,2.0,NaN,17.3,5.0,6.0,0.0,4814581.0,1,1,17.3,1.0
789,0.0,0.0,0.0034276795930003575,1.0,7.0,20.0,4.0,9.0,0.0,5300000.0,1,1,32.0,1.0
790,0.0,0.0,0.003424318720999923,5.0,NaN,18.3,6.0,NaN,1.0,5377566.0,1,NaN,18.3,1.0
791,0.0,1.0,0.003424318720999923,5.0,NaN,10.0,6.0,5.0,1.0,5377566.0,1,NaN,18.3,1.0
792,0.0,1.0,0.0034749054169998816,2.0,NaN,23.7,5.0,6.0,0.0,5496232.0,1,1,23.7,1.0
793,1.0,0.0,0.005539907825000261,1.0,9.6,20.0,10.0,1.0,0.0,5550000.0,1,NaN,37.4,1.0
794,1.0,1.0,0.009283241028999375,3.0,6.0,16.0,NaN,5.0,0.0,5900000.0,1,1,30.0,0.0
795,0.0,0.0,0.009162976656999566,1.0,10.0,20.0,13.0,12.0,0.0,6000000.0,1,NaN,35.0,1.0
796,1.0,1.0,0.003615283701000061,12.0,9.6,20.1,10.0,12.0,0.0,6000000.0,1,1,35.1,0.0
797,1.0,1.0,0.003955642860999678,2.0,8.0,21.0,12.0,5.0,0.0,6100000.0,1,1,34.0,1.0
798,1.0,0.0,0.003615283701000061,12.0,10.0,20.0,10.0,12.0,0.0,6100000.0,1,1,36.0,1.0
799,0.0,0.0,0.003424318720999923,4.0,NaN,25.5,6.0,NaN,1.0,6258687.0,1,NaN,25.5,1.0
800,0.0,1.0,0.003424318720999923,4.0,NaN,15.0,6.0,4.0,1.0,6258687.0,1,NaN,25.5,1.0
801,0.0,1.0,0.003424318720999923,3.0,29.5,NaN,5.0,4.0,1.0,6325576.0,1,NaN,29.5,1.0
802,0.0,1.0,0.003424318720999923,3.0,NaN,17.0,6.0,4.0,1.0,6325576.0,1,NaN,30.0,1.0
803,0.0,1.0,0.003464304040000207,3.0,NaN,29.5,5.0,6.0,0.0,6325576.0,1,1,29.5,1.0
804,1.0,0.0,0.0100053463119993,2.0,10.0,18.0,10.0,12.0,0.0,6400000.0,1,1,34.0,1.0
805,0.0,0.0,0.003424318720999923,3.0,NaN,33.4,6.0,NaN,1.0,6437035.0,1,NaN,33.4,1.0
806,0.0,1.0,0.003424318720999923,3.0,NaN,18.0,6.0,4.0,1.0,6437035.0,1,NaN,33.5,1.0
807,0.0,1.0,0.003424318720999923,4.0,NaN,16.0,6.0,4.0,1.0,6449418.0,1,NaN,28.5,1.0
808,1.0,1.0,0.004265930408000018,5.0,5.6,18.6,10.0,5.0,0.0,6500000.0,1,1,30.7,1.0
809,0.0,1.0,0.009361539434000329,2.0,6.0,20.5,11.0,5.0,0.0,6500000.0,1,1,36.8,1.0
810,1.0,1.0,0.003829077784999889,5.0,5.6,20.2,5.0,9.0,0.0,6600000.0,1,NaN,33.1,1.0
811,1.0,1.0,0.003829077784999889,5.0,6.0,18.0,5.0,9.0,0.0,6600000.0,2,NaN,33.1,1.0
